https://github.com/undertow-io/undertow,d0efffad5d2034bb07525cac9b299dac72c3045d,websockets-jsr,io.undertow.websockets.jsr.test.annotated.AnnotatedEndpointTest.testCloseReason,io.undertow.websockets.jsr.test.annotated.AnnotatedEndpointTest.testErrorHandling
https://github.com/vaadin/flow,26aacd3cdf51c7e0a18ae21318d366ce7f91be8a,flow-polymer-template,com.vaadin.flow.component.polymertemplate.NpmTemplateParserTest.should_FindCorrectDataInStats,com.vaadin.flow.component.polymertemplate.NpmTemplateParserTest.hierarchicalTemplate_templateHasChild_childHasCorrectPosition
https://github.com/winder/Universal-G-Code-Sender,4426f71c900ddd4a1eeb3957f3275cedc6312534,ugs-platform/ugs-platform-plugin-cloud-storage,com.willwinder.ugs.nbp.S3FileSystemViewTest.testGetFiles,com.willwinder.ugs.nbp.S3FileSystemViewTest.testUploadDownloadFile
https://github.com/kevinsawicki/http-request,2d62a3e9da726942a93cf16b6e91c0187e6c0136,lib,com.github.kevinsawicki.http.HttpRequestTest.putWithEscapedMappedQueryParams,com.github.kevinsawicki.http.HttpRequestTest.customConnectionFactory
https://github.com/kevinsawicki/http-request,2d62a3e9da726942a93cf16b6e91c0187e6c0136,lib,com.github.kevinsawicki.http.HttpRequestTest.putWithEscapedVarargsQueryParams,com.github.kevinsawicki.http.HttpRequestTest.customConnectionFactory
https://github.com/kevinsawicki/http-request,2d62a3e9da726942a93cf16b6e91c0187e6c0136,lib,com.github.kevinsawicki.http.HttpRequestTest.putWithMappedQueryParams,com.github.kevinsawicki.http.HttpRequestTest.customConnectionFactory
https://github.com/kevinsawicki/http-request,2d62a3e9da726942a93cf16b6e91c0187e6c0136,lib,com.github.kevinsawicki.http.HttpRequestTest.putWithVarargsQueryParams,com.github.kevinsawicki.http.HttpRequestTest.customConnectionFactory
https://github.com/kevinsawicki/http-request,2d62a3e9da726942a93cf16b6e91c0187e6c0136,lib,com.github.kevinsawicki.http.HttpRequestTest.singleSslSocketFactory,com.github.kevinsawicki.http.HttpRequestTest.customConnectionFactory
https://github.com/kevinsawicki/http-request,2d62a3e9da726942a93cf16b6e91c0187e6c0136,lib,com.github.kevinsawicki.http.HttpRequestTest.singleVerifier,com.github.kevinsawicki.http.HttpRequestTest.customConnectionFactory
https://github.com/spring-projects/spring-boot,daa3d457b71896a758995c264977bdd1414ee4d4,spring-boot-project/spring-boot-actuator-autoconfigure,org.springframework.boot.actuate.autoconfigure.cloudfoundry.reactive.CloudFoundryWebFluxEndpointIntegrationTests.linksToOtherEndpointsWithFullAccess,org.springframework.boot.actuate.autoconfigure.cloudfoundry.reactive.CloudFoundryWebFluxEndpointIntegrationTests.linksToOtherEndpointsForbidden
https://github.com/danfickle/openhtmltopdf,4a0612fab7b3a55e3e11d485233b063006d03b0f,openhtmltopdf-slf4j,com.openhtmltopdf.slf4j.Slf4JLoggerTest.testLogger,com.openhtmltopdf.slf4j.Slf4JLoggerTest.testLoggerWarnLevel
https://github.com/apache/shardingsphere-elasticjob,b022898ef1b8c984e17efb2a422ee45f6b13e46e,elastic-job-lite-core,io.elasticjob.lite.internal.instance.ShutdownListenerManagerTest.assertIsShutdownAlready,io.elasticjob.lite.internal.instance.ShutdownListenerManagerTest.assertRemoveLocalInstancePath
https://github.com/jenkinsci/remoting,abf0455a68ad6c52a57e912bb89d51f883f77542,.,hudson.remoting.DefaultClassFilterTest.testDefaultsNoOverride,hudson.remoting.DefaultClassFilterTest.testDefaultsAreUsedIfOverridesAreGarbage
https://github.com/jenkinsci/remoting,abf0455a68ad6c52a57e912bb89d51f883f77542,.,hudson.remoting.DefaultClassFilterTest.testDefaultsOverrideExists,hudson.remoting.DefaultClassFilterTest.testDefaultsAreUsedIfOverridesAreGarbage
https://github.com/kevinsawicki/http-request,2d62a3e9da726942a93cf16b6e91c0187e6c0136,lib,com.github.kevinsawicki.http.HttpRequestTest.basicProxyAuthentication,com.github.kevinsawicki.http.HttpRequestTest.customConnectionFactory
https://github.com/kevinsawicki/http-request,2d62a3e9da726942a93cf16b6e91c0187e6c0136,lib,com.github.kevinsawicki.http.HttpRequestTest.deleteWithEscapedMappedQueryParams,com.github.kevinsawicki.http.HttpRequestTest.customConnectionFactory
https://github.com/kevinsawicki/http-request,2d62a3e9da726942a93cf16b6e91c0187e6c0136,lib,com.github.kevinsawicki.http.HttpRequestTest.deleteWithEscapedVarargsQueryParams,com.github.kevinsawicki.http.HttpRequestTest.customConnectionFactory
https://github.com/kevinsawicki/http-request,2d62a3e9da726942a93cf16b6e91c0187e6c0136,lib,com.github.kevinsawicki.http.HttpRequestTest.deleteWithMappedQueryParams,com.github.kevinsawicki.http.HttpRequestTest.customConnectionFactory
https://github.com/kevinsawicki/http-request,2d62a3e9da726942a93cf16b6e91c0187e6c0136,lib,com.github.kevinsawicki.http.HttpRequestTest.deleteWithVarargsQueryParams,com.github.kevinsawicki.http.HttpRequestTest.customConnectionFactory
https://github.com/kevinsawicki/http-request,2d62a3e9da726942a93cf16b6e91c0187e6c0136,lib,com.github.kevinsawicki.http.HttpRequestTest.getUrlEncodedWithPercent,com.github.kevinsawicki.http.HttpRequestTest.customConnectionFactory
https://github.com/kevinsawicki/http-request,2d62a3e9da726942a93cf16b6e91c0187e6c0136,lib,com.github.kevinsawicki.http.HttpRequestTest.getUrlEncodedWithSpace,com.github.kevinsawicki.http.HttpRequestTest.customConnectionFactory
https://github.com/kevinsawicki/http-request,2d62a3e9da726942a93cf16b6e91c0187e6c0136,lib,com.github.kevinsawicki.http.HttpRequestTest.getUrlEncodedWithUnicode,com.github.kevinsawicki.http.HttpRequestTest.customConnectionFactory
https://github.com/kevinsawicki/http-request,2d62a3e9da726942a93cf16b6e91c0187e6c0136,lib,com.github.kevinsawicki.http.HttpRequestTest.getWithEscapedMappedQueryParams,com.github.kevinsawicki.http.HttpRequestTest.customConnectionFactory
https://github.com/kevinsawicki/http-request,2d62a3e9da726942a93cf16b6e91c0187e6c0136,lib,com.github.kevinsawicki.http.HttpRequestTest.getWithEscapedVarargsQueryParams,com.github.kevinsawicki.http.HttpRequestTest.customConnectionFactory
https://github.com/kevinsawicki/http-request,2d62a3e9da726942a93cf16b6e91c0187e6c0136,lib,com.github.kevinsawicki.http.HttpRequestTest.getWithMappedQueryParams,com.github.kevinsawicki.http.HttpRequestTest.customConnectionFactory
https://github.com/kevinsawicki/http-request,2d62a3e9da726942a93cf16b6e91c0187e6c0136,lib,com.github.kevinsawicki.http.HttpRequestTest.headWithEscapedMappedQueryParams,com.github.kevinsawicki.http.HttpRequestTest.customConnectionFactory
https://github.com/kevinsawicki/http-request,2d62a3e9da726942a93cf16b6e91c0187e6c0136,lib,com.github.kevinsawicki.http.HttpRequestTest.headWithEscapedVarargsQueryParams,com.github.kevinsawicki.http.HttpRequestTest.customConnectionFactory
https://github.com/kevinsawicki/http-request,2d62a3e9da726942a93cf16b6e91c0187e6c0136,lib,com.github.kevinsawicki.http.HttpRequestTest.headWithMappedQueryParams,com.github.kevinsawicki.http.HttpRequestTest.customConnectionFactory
https://github.com/kevinsawicki/http-request,2d62a3e9da726942a93cf16b6e91c0187e6c0136,lib,com.github.kevinsawicki.http.HttpRequestTest.headWithVaragsQueryParams,com.github.kevinsawicki.http.HttpRequestTest.customConnectionFactory
https://github.com/kevinsawicki/http-request,2d62a3e9da726942a93cf16b6e91c0187e6c0136,lib,com.github.kevinsawicki.http.HttpRequestTest.postWithEscapedMappedQueryParams,com.github.kevinsawicki.http.HttpRequestTest.customConnectionFactory
https://github.com/kevinsawicki/http-request,2d62a3e9da726942a93cf16b6e91c0187e6c0136,lib,com.github.kevinsawicki.http.HttpRequestTest.postWithEscapedVarargsQueryParams,com.github.kevinsawicki.http.HttpRequestTest.customConnectionFactory
https://github.com/kevinsawicki/http-request,2d62a3e9da726942a93cf16b6e91c0187e6c0136,lib,com.github.kevinsawicki.http.HttpRequestTest.postWithNumericQueryParams,com.github.kevinsawicki.http.HttpRequestTest.customConnectionFactory
https://github.com/apache/hadoop,cc2babc1f75c93bf89a8f10da525f944c15d02ea,hadoop-hdfs-project/hadoop-hdfs-nfs,org.apache.hadoop.hdfs.nfs.nfs3.TestViewfsWithNfs3.testNfsRenameSingleNN,org.apache.hadoop.hdfs.nfs.nfs3.TestViewfsWithNfs3.testFileStatus
https://github.com/apache/hadoop,cc2babc1f75c93bf89a8f10da525f944c15d02ea,hadoop-hdfs-project/hadoop-hdfs-httpfs,org.apache.hadoop.lib.service.hadoop.TestFileSystemAccessService.createFileSystem,org.apache.hadoop.lib.service.hadoop.TestFileSystemAccessService.noKerberosKeytabProperty
https://github.com/apache/hadoop,cc2babc1f75c93bf89a8f10da525f944c15d02ea,hadoop-hdfs-project/hadoop-hdfs-httpfs,org.apache.hadoop.test.TestHFSTestCase.testHadoopFileSystem,org.apache.hadoop.test.TestHFSTestCase.waitFor
https://github.com/apache/dubbo,737f7a7ea67832d7f17517326fb2491d0a086dd7,dubbo-filter/dubbo-filter-cache,org.apache.dubbo.cache.support.jcache.JCacheFactoryTest.testJCacheGetExpired,org.apache.dubbo.cache.support.jcache.JCacheFactoryTest.testJCacheFactory
https://github.com/apache/dubbo,737f7a7ea67832d7f17517326fb2491d0a086dd7,dubbo-serialization/dubbo-serialization-fst,org.apache.dubbo.common.serialize.fst.FstObjectInputTest.testEmptyByteArrayForEmptyInput,org.apache.dubbo.common.serialize.fst.FstObjectInputTest.testWrongClassInput
https://github.com/apache/dubbo,737f7a7ea67832d7f17517326fb2491d0a086dd7,dubbo-config/dubbo-config-api,org.apache.dubbo.config.AbstractInterfaceConfigTest.testCheckRegistry2,org.apache.dubbo.config.AbstractInterfaceConfigTest.testLoadRegistries
https://github.com/c2mon/c2mon,d80687b119c713dd177a58cf53a997d8cc5ca264,c2mon-server/c2mon-server-elasticsearch,cern.c2mon.server.elasticsearch.tag.config.TagConfigDocumentIndexerTests.reindexTagConfigDocuments,cern.c2mon.server.elasticsearch.tag.config.TagConfigDocumentIndexerTests.addDataTag
https://github.com/kevinsawicki/http-request,2d62a3e9da726942a93cf16b6e91c0187e6c0136,lib,com.github.kevinsawicki.http.HttpRequestTest.verifierAccepts,com.github.kevinsawicki.http.HttpRequestTest.customConnectionFactory
https://github.com/tbsalling/aismessages,7b0c4c708b6bb9a6da3d5737bcad1857ade8a931,.,dk.tbsalling.aismessages.nmea.NMEAMessageHandlerTest.canHandleFragmentedMessageReceived,dk.tbsalling.aismessages.nmea.NMEAMessageHandlerTest.canFlushUnhandled
https://github.com/tbsalling/aismessages,7b0c4c708b6bb9a6da3d5737bcad1857ade8a931,.,dk.tbsalling.aismessages.nmea.NMEAMessageHandlerTest.canHandleUnfragmentedMessageReceived,dk.tbsalling.aismessages.nmea.NMEAMessageHandlerTest.canFlushUnhandled
https://github.com/Thomas-S-B/visualee,88732d9dbe5031dad9c9f85a4c4b35e5f1551f95,.,de.strullerbaumann.visualee.filter.boundary.FilterContainerTest.testIsOkExcludeFalse,de.strullerbaumann.visualee.filter.boundary.FilterContainerTest.testIsOkExcludeTrue
https://github.com/Thomas-S-B/visualee,88732d9dbe5031dad9c9f85a4c4b35e5f1551f95,.,de.strullerbaumann.visualee.filter.boundary.FilterContainerTest.testIsOkIncludeTrue,de.strullerbaumann.visualee.filter.boundary.FilterContainerTest.testIsOkIncludeFalse
https://github.com/Thomas-S-B/visualee,88732d9dbe5031dad9c9f85a4c4b35e5f1551f95,.,de.strullerbaumann.visualee.filter.entity.ClassFilterTest.testIsOkExcludeFalse,de.strullerbaumann.visualee.filter.entity.ClassFilterTest.testIsOkExcludeTrue
https://github.com/Thomas-S-B/visualee,88732d9dbe5031dad9c9f85a4c4b35e5f1551f95,.,de.strullerbaumann.visualee.filter.entity.ClassFilterTest.testIsOkIncludeTrue,de.strullerbaumann.visualee.filter.entity.ClassFilterTest.testIsOkIncludeFalse
https://github.com/apache/shardingsphere-elasticjob,b022898ef1b8c984e17efb2a422ee45f6b13e46e,elastic-job-lite-core,io.elasticjob.lite.internal.schedule.JobRegistryTest.assertGetCurrentShardingTotalCountIfNull,io.elasticjob.lite.internal.schedule.JobRegistryTest.assertGetCurrentShardingTotalCountIfNotNull
https://github.com/kevinsawicki/http-request,2d62a3e9da726942a93cf16b6e91c0187e6c0136,lib,com.github.kevinsawicki.http.HttpRequestTest.getWithVarargsQueryParams,com.github.kevinsawicki.http.HttpRequestTest.customConnectionFactory
https://github.com/kevinsawicki/http-request,2d62a3e9da726942a93cf16b6e91c0187e6c0136,lib,com.github.kevinsawicki.http.HttpRequestTest.postWithMappedQueryParams,com.github.kevinsawicki.http.HttpRequestTest.customConnectionFactory
https://github.com/kevinsawicki/http-request,2d62a3e9da726942a93cf16b6e91c0187e6c0136,lib,com.github.kevinsawicki.http.HttpRequestTest.postWithVaragsQueryParams,com.github.kevinsawicki.http.HttpRequestTest.customConnectionFactory
https://github.com/Thomas-S-B/visualee,88732d9dbe5031dad9c9f85a4c4b35e5f1551f95,.,de.strullerbaumann.visualee.filter.entity.PackageFilterTest.testIsOkExcludeFalse,de.strullerbaumann.visualee.filter.entity.PackageFilterTest.testIsOkExcludeTrue
https://github.com/Thomas-S-B/visualee,88732d9dbe5031dad9c9f85a4c4b35e5f1551f95,.,de.strullerbaumann.visualee.filter.entity.PackageFilterTest.testIsOkIncludeTrue,de.strullerbaumann.visualee.filter.entity.PackageFilterTest.testIsOkIncludeFalse
https://github.com/Thomas-S-B/visualee,88732d9dbe5031dad9c9f85a4c4b35e5f1551f95,.,de.strullerbaumann.visualee.filter.entity.SourcecodeFilterTest.testIsOkExcludeFalse,de.strullerbaumann.visualee.filter.entity.SourcecodeFilterTest.testIsOkIncludeFalse
https://github.com/Thomas-S-B/visualee,88732d9dbe5031dad9c9f85a4c4b35e5f1551f95,.,de.strullerbaumann.visualee.filter.entity.SourcecodeFilterTest.testIsOkIncludeTrue,de.strullerbaumann.visualee.filter.entity.SourcecodeFilterTest.testIsOkIncludeFalse
https://github.com/tools4j/unix4j,367da7d262e682a08577cdf19ebbbdd8a46870fe,unix4j-core/unix4j-command,org.unix4j.unix.FindFileTimeDependentTest.find_fileCreatedBeforeNow,org.unix4j.unix.FindFileTimeDependentTest.find_fileCreatedAfterTime
https://github.com/wikidata/wikidata-toolkit,20de6f7f12319f54eb962ff6e8357b3f5695d54d,wdtk-util,org.wikidata.wdtk.util.DirectoryManagerFactoryTest.createDefaultDirectoryManagerPath,org.wikidata.wdtk.util.DirectoryManagerFactoryTest.createDirectoryManagerNoConstructor
https://github.com/wikidata/wikidata-toolkit,20de6f7f12319f54eb962ff6e8357b3f5695d54d,wdtk-util,org.wikidata.wdtk.util.DirectoryManagerFactoryTest.createDirectoryManagerIoException,org.wikidata.wdtk.util.DirectoryManagerFactoryTest.createDirectoryManagerNoConstructor
https://github.com/Activiti/Activiti,b11f757a48600e53aaf3fcb7a3ba1ece6c463cb4,activiti-spring-boot-starter,org.activiti.spring.boot.tasks.TaskRuntimeClaimReleaseTest.aCreateStandaloneTaskForGroup,org.activiti.spring.boot.tasks.TaskRuntimeClaimReleaseTest.dCreateStandaloneTaskAndClaimAndReleaseUnAuthorized
https://github.com/Activiti/Activiti,b11f757a48600e53aaf3fcb7a3ba1ece6c463cb4,activiti-spring-boot-starter,org.activiti.spring.boot.tasks.TaskRuntimeTaskAssigneeTest.aCreateStandaloneTaskForAnotherAssignee,org.activiti.spring.boot.tasks.TaskRuntimeTaskAssigneeTest.cCreateStandaloneTaskForGroupAndClaim
https://github.com/alibaba/Sentinel,5523fd0d427ba0f66c3e110c2de6347edadcd125,sentinel-core,com.alibaba.csp.sentinel.config.SentinelConfigTest.testDefaultConfig,com.alibaba.csp.sentinel.config.SentinelConfigTest.testColdFactoryLargerThanOne
https://github.com/apache/cayenne,5209b9f533ab5f2ac97d31eeb3d1dd2c4dbd64d8,cayenne-client,org.apache.cayenne.CayenneContextClientChannelEventsIT.testSyncToOneRelationship,org.apache.cayenne.CayenneContextClientChannelEventsIT.testSyncSimpleProperty
https://github.com/apache/dubbo,737f7a7ea67832d7f17517326fb2491d0a086dd7,dubbo-common,org.apache.dubbo.common.threadlocal.InternalThreadLocalTest.testSize,org.apache.dubbo.common.threadlocal.InternalThreadLocalTest.testSetAndGet
https://github.com/apache/dubbo,737f7a7ea67832d7f17517326fb2491d0a086dd7,dubbo-cluster,org.apache.dubbo.rpc.cluster.StickyTest.testMethodStickyNoCheck,org.apache.dubbo.rpc.cluster.StickyTest.testMethodsSticky
https://github.com/apache/dubbo,737f7a7ea67832d7f17517326fb2491d0a086dd7,dubbo-cluster,org.apache.dubbo.rpc.cluster.StickyTest.testStickyNoCheck,org.apache.dubbo.rpc.cluster.StickyTest.testStickyForceCheck
https://github.com/apache/shardingsphere-elasticjob,bdfcaff0c1a702c3ecb44adf46d609a3f0e86c5e,elasticjob-cloud/elasticjob-cloud-scheduler,org.apache.shardingsphere.elasticjob.cloud.scheduler.env.BootstrapEnvironmentTest.assertWithoutEventTraceRdbConfiguration,org.apache.shardingsphere.elasticjob.cloud.scheduler.env.BootstrapEnvironmentTest.assertGetEventTraceRdbConfigurationMap
https://github.com/apache/shardingsphere-elasticjob,bdfcaff0c1a702c3ecb44adf46d609a3f0e86c5e,elasticjob-cloud/elasticjob-cloud-scheduler,org.apache.shardingsphere.elasticjob.cloud.scheduler.mesos.AppConstraintEvaluatorTest.assertExistExecutorOnS0,org.apache.shardingsphere.elasticjob.cloud.scheduler.mesos.AppConstraintEvaluatorTest.assertGetExecutorError
https://github.com/apache/hadoop,cc2babc1f75c93bf89a8f10da525f944c15d02ea,hadoop-yarn-project/hadoop-yarn/hadoop-yarn-server/hadoop-yarn-server-timelineservice,org.apache.hadoop.yarn.server.timelineservice.reader.TestTimelineReaderWebServices.testQueryWithoutCluster,org.apache.hadoop.yarn.server.timelineservice.reader.TestTimelineReaderMetrics.testTimelineReaderMetrics
https://github.com/apache/hadoop,cc2babc1f75c93bf89a8f10da525f944c15d02ea,hadoop-yarn-project/hadoop-yarn/hadoop-yarn-server/hadoop-yarn-server-timelineservice,org.apache.hadoop.yarn.server.timelineservice.reader.TestTimelineReaderWebServicesBasicAcl.testTimelineReaderManagerAclsWhenDisabled,org.apache.hadoop.yarn.server.timelineservice.reader.TestTimelineReaderMetrics.testTimelineReaderMetrics
https://github.com/apache/hadoop,cc2babc1f75c93bf89a8f10da525f944c15d02ea,hadoop-yarn-project/hadoop-yarn/hadoop-yarn-server/hadoop-yarn-server-timelineservice,org.apache.hadoop.yarn.server.timelineservice.reader.TestTimelineReaderWebServicesBasicAcl.testTimelineReaderManagerAclsWhenEnabled,org.apache.hadoop.yarn.server.timelineservice.reader.TestTimelineReaderMetrics.testTimelineReaderMetrics
https://github.com/apache/dubbo,737f7a7ea67832d7f17517326fb2491d0a086dd7,dubbo-config/dubbo-config-spring,org.apache.dubbo.config.spring.extension.SpringExtensionFactoryTest.testGetExtensionByType,org.apache.dubbo.config.spring.beans.factory.annotation.ReferenceAnnotationBeanPostProcessorTest.test
https://github.com/apache/dubbo,737f7a7ea67832d7f17517326fb2491d0a086dd7,dubbo-rpc/dubbo-rpc-dubbo,org.apache.dubbo.rpc.protocol.dubbo.telnet.ChangeTelnetHandlerTest.testChangeServiceNotExport,org.apache.dubbo.rpc.protocol.dubbo.ReferenceCountExchangeClientTest.test_share_connect
https://github.com/apache/shardingsphere-elasticjob,b022898ef1b8c984e17efb2a422ee45f6b13e46e,elastic-job-lite-core,io.elasticjob.lite.internal.election.ElectionListenerManagerTest.assertLeaderElectionWhenRemoveLeaderInstancePathWithAvailableServerButJobInstanceIsShutdown,io.elasticjob.lite.internal.instance.ShutdownListenerManagerTest.assertRemoveLocalInstancePathForReconnectedRegistryCenter
https://github.com/apache/shardingsphere-elasticjob,b022898ef1b8c984e17efb2a422ee45f6b13e46e,elastic-job-lite-core,io.elasticjob.lite.internal.sharding.ShardingListenerManagerTest.assertListenServersChangedJobListenerWhenIsInstanceChangeButJobInstanceIsShutdown,io.elasticjob.lite.api.JobSchedulerTest.assertInit
https://github.com/jenkinsci/remoting,abf0455a68ad6c52a57e912bb89d51f883f77542,.,hudson.remoting.DiagnosedStreamCorruptionExceptionTest.exercise,hudson.remoting.DefaultClassFilterTest.testDefaultsAreUsedIfOverridesAreGarbage
https://github.com/ktuukkan/marine-api,af0003847db9ba822f67d4f1dceb8de3fe63250a,.,net.sf.marineapi.ais.event.AbstractAISMessageListenerTest.testBasicListenerWithUnexpectedMessage,net.sf.marineapi.nmea.parser.SentenceFactoryTest.testRegisterParserWithAlternativeBeginChar
https://github.com/ktuukkan/marine-api,af0003847db9ba822f67d4f1dceb8de3fe63250a,.,net.sf.marineapi.ais.event.AbstractAISMessageListenerTest.testConstructor,net.sf.marineapi.nmea.parser.SentenceFactoryTest.testRegisterParserWithAlternativeBeginChar
https://github.com/ktuukkan/marine-api,af0003847db9ba822f67d4f1dceb8de3fe63250a,.,net.sf.marineapi.ais.event.AbstractAISMessageListenerTest.testGenericsListener,net.sf.marineapi.nmea.parser.SentenceFactoryTest.testRegisterParserWithAlternativeBeginChar
https://github.com/ktuukkan/marine-api,af0003847db9ba822f67d4f1dceb8de3fe63250a,.,net.sf.marineapi.ais.event.AbstractAISMessageListenerTest.testGenericsListenerDefaultConstructorThrows,net.sf.marineapi.nmea.parser.SentenceFactoryTest.testRegisterParserWithAlternativeBeginChar
https://github.com/ktuukkan/marine-api,af0003847db9ba822f67d4f1dceb8de3fe63250a,.,net.sf.marineapi.ais.event.AbstractAISMessageListenerTest.testParametrizedConstructor,net.sf.marineapi.nmea.parser.SentenceFactoryTest.testRegisterParserWithAlternativeBeginChar
https://github.com/ktuukkan/marine-api,af0003847db9ba822f67d4f1dceb8de3fe63250a,.,net.sf.marineapi.ais.event.AbstractAISMessageListenerTest.testSequenceListener,net.sf.marineapi.nmea.parser.SentenceFactoryTest.testRegisterParserWithAlternativeBeginChar
https://github.com/ktuukkan/marine-api,af0003847db9ba822f67d4f1dceb8de3fe63250a,.,net.sf.marineapi.ais.event.AbstractAISMessageListenerTest.testSequenceListenerWithMixedOrder,net.sf.marineapi.nmea.parser.SentenceFactoryTest.testRegisterParserWithAlternativeBeginChar
https://github.com/ktuukkan/marine-api,af0003847db9ba822f67d4f1dceb8de3fe63250a,.,net.sf.marineapi.ais.parser.AISMessageFactoryTest.testCreate,net.sf.marineapi.nmea.parser.SentenceFactoryTest.testRegisterParserWithAlternativeBeginChar
https://github.com/ktuukkan/marine-api,af0003847db9ba822f67d4f1dceb8de3fe63250a,.,net.sf.marineapi.ais.parser.AISMessageFactoryTest.testCreateWithIncorrectOrder,net.sf.marineapi.nmea.parser.SentenceFactoryTest.testRegisterParserWithAlternativeBeginChar
https://github.com/ktuukkan/marine-api,af0003847db9ba822f67d4f1dceb8de3fe63250a,.,net.sf.marineapi.ais.parser.AISMessageFactoryTest.testCreateWithTwo,net.sf.marineapi.nmea.parser.SentenceFactoryTest.testRegisterParserWithAlternativeBeginChar
https://github.com/spring-projects/spring-boot,daa3d457b71896a758995c264977bdd1414ee4d4,spring-boot-project/spring-boot,org.springframework.boot.logging.log4j2.Log4J2LoggingSystemTests.loggingThatUsesJulIsCaptured,org.springframework.boot.context.logging.LoggingApplicationListenerTests.closingContextCleansUpLoggingSystem
https://github.com/spring-projects/spring-boot,daa3d457b71896a758995c264977bdd1414ee4d4,spring-boot-project/spring-boot,org.springframework.boot.logging.logback.LogbackLoggingSystemTests.loggingLevelIsPropagatedToJul,org.springframework.boot.context.logging.LoggingApplicationListenerTests.closingContextCleansUpLoggingSystem
https://github.com/spring-projects/spring-boot,daa3d457b71896a758995c264977bdd1414ee4d4,spring-boot-project/spring-boot,org.springframework.boot.logging.logback.LogbackLoggingSystemTests.loggingThatUsesJulIsCaptured,org.springframework.boot.context.logging.LoggingApplicationListenerTests.closingContextCleansUpLoggingSystem
https://github.com/Thomas-S-B/visualee,88732d9dbe5031dad9c9f85a4c4b35e5f1551f95,.,de.strullerbaumann.visualee.dependency.boundary.DependencyContainerTest.testFindAllDependenciesWith,de.strullerbaumann.visualee.filter.entity.SourcecodeFilterTest.testIsOkIncludeTrue
https://github.com/Thomas-S-B/visualee,88732d9dbe5031dad9c9f85a4c4b35e5f1551f95,.,de.strullerbaumann.visualee.dependency.boundary.DependencyContainerTest.testGetRelevantClassesDirectlyConnected,de.strullerbaumann.visualee.filter.entity.SourcecodeFilterTest.testIsOkIncludeTrue
https://github.com/Thomas-S-B/visualee,88732d9dbe5031dad9c9f85a4c4b35e5f1551f95,.,de.strullerbaumann.visualee.dependency.boundary.DependencyContainerTest.testGetRelevantClassesFilter,de.strullerbaumann.visualee.filter.entity.SourcecodeFilterTest.testIsOkIncludeTrue
https://github.com/Thomas-S-B/visualee,88732d9dbe5031dad9c9f85a4c4b35e5f1551f95,.,de.strullerbaumann.visualee.examiner.cdi.ExaminerEJBTest.testFindAndSetAttributesEJBSetterWithAnnotations,de.strullerbaumann.visualee.filter.entity.SourcecodeFilterTest.testIsOkIncludeTrue
https://github.com/Thomas-S-B/visualee,88732d9dbe5031dad9c9f85a4c4b35e5f1551f95,.,de.strullerbaumann.visualee.examiner.cdi.ExaminerEJBTest.testFindAndSetAttributesEJBWithParameter,de.strullerbaumann.visualee.filter.entity.SourcecodeFilterTest.testIsOkIncludeTrue
https://github.com/Thomas-S-B/visualee,88732d9dbe5031dad9c9f85a4c4b35e5f1551f95,.,de.strullerbaumann.visualee.examiner.cdi.ExaminerEJBTest.testFindAndSetAttributesSetEJB,de.strullerbaumann.visualee.filter.entity.SourcecodeFilterTest.testIsOkIncludeTrue
https://github.com/Thomas-S-B/visualee,88732d9dbe5031dad9c9f85a4c4b35e5f1551f95,.,de.strullerbaumann.visualee.examiner.cdi.ExaminerEJBTest.testFindAndSetAttributesSetEJBPackageView,de.strullerbaumann.visualee.filter.entity.SourcecodeFilterTest.testIsOkIncludeTrue
https://github.com/Thomas-S-B/visualee,88732d9dbe5031dad9c9f85a4c4b35e5f1551f95,.,de.strullerbaumann.visualee.examiner.cdi.ExaminerEventTest.testFindAndSetAttributesSetInstance,de.strullerbaumann.visualee.filter.entity.SourcecodeFilterTest.testIsOkIncludeTrue
https://github.com/Thomas-S-B/visualee,88732d9dbe5031dad9c9f85a4c4b35e5f1551f95,.,de.strullerbaumann.visualee.examiner.cdi.ExaminerEventTest.testFindEvents,de.strullerbaumann.visualee.filter.entity.SourcecodeFilterTest.testIsOkIncludeTrue
https://github.com/Thomas-S-B/visualee,88732d9dbe5031dad9c9f85a4c4b35e5f1551f95,.,de.strullerbaumann.visualee.examiner.cdi.ExaminerInjectTest.testFindAndSetAttributesInjectSetterWithAnnotations,de.strullerbaumann.visualee.filter.entity.SourcecodeFilterTest.testIsOkIncludeTrue
https://github.com/Thomas-S-B/visualee,88732d9dbe5031dad9c9f85a4c4b35e5f1551f95,.,de.strullerbaumann.visualee.examiner.cdi.ExaminerInjectTest.testFindAndSetAttributesSetInject,de.strullerbaumann.visualee.filter.entity.SourcecodeFilterTest.testIsOkIncludeTrue
https://github.com/Thomas-S-B/visualee,88732d9dbe5031dad9c9f85a4c4b35e5f1551f95,.,de.strullerbaumann.visualee.examiner.cdi.ExaminerInjectTest.testFindEventNamedClass,de.strullerbaumann.visualee.filter.entity.SourcecodeFilterTest.testIsOkIncludeTrue
https://github.com/Thomas-S-B/visualee,88732d9dbe5031dad9c9f85a4c4b35e5f1551f95,.,de.strullerbaumann.visualee.examiner.cdi.ExaminerInstanceTest.testFindAndSetAttributesSetInstance,de.strullerbaumann.visualee.filter.entity.SourcecodeFilterTest.testIsOkIncludeTrue
https://github.com/Thomas-S-B/visualee,88732d9dbe5031dad9c9f85a4c4b35e5f1551f95,.,de.strullerbaumann.visualee.examiner.cdi.ExaminerInstanceTest.testFindAndSetAttributesSetInstanceGeneric,de.strullerbaumann.visualee.filter.entity.SourcecodeFilterTest.testIsOkIncludeTrue
https://github.com/Thomas-S-B/visualee,88732d9dbe5031dad9c9f85a4c4b35e5f1551f95,.,de.strullerbaumann.visualee.examiner.cdi.ExaminerObservesTest.testObservesAnnotated,de.strullerbaumann.visualee.filter.entity.SourcecodeFilterTest.testIsOkIncludeTrue
https://github.com/Thomas-S-B/visualee,88732d9dbe5031dad9c9f85a4c4b35e5f1551f95,.,de.strullerbaumann.visualee.examiner.cdi.ExaminerObservesTest.testObservesDuring,de.strullerbaumann.visualee.filter.entity.SourcecodeFilterTest.testIsOkIncludeTrue
https://github.com/Thomas-S-B/visualee,88732d9dbe5031dad9c9f85a4c4b35e5f1551f95,.,de.strullerbaumann.visualee.examiner.cdi.ExaminerObservesTest.testObservesNotify,de.strullerbaumann.visualee.filter.entity.SourcecodeFilterTest.testIsOkIncludeTrue
https://github.com/Thomas-S-B/visualee,88732d9dbe5031dad9c9f85a4c4b35e5f1551f95,.,de.strullerbaumann.visualee.examiner.cdi.ExaminerObservesTest.testObservesWithPhases,de.strullerbaumann.visualee.filter.entity.SourcecodeFilterTest.testIsOkIncludeTrue
https://github.com/Thomas-S-B/visualee,88732d9dbe5031dad9c9f85a4c4b35e5f1551f95,.,de.strullerbaumann.visualee.examiner.cdi.ExaminerProducesTest.testFindAndSetAttributesProduces,de.strullerbaumann.visualee.filter.entity.SourcecodeFilterTest.testIsOkIncludeTrue
https://github.com/Thomas-S-B/visualee,88732d9dbe5031dad9c9f85a4c4b35e5f1551f95,.,de.strullerbaumann.visualee.examiner.cdi.ExaminerProducesTest.testFindAndSetAttributesStaticProduces,de.strullerbaumann.visualee.filter.entity.SourcecodeFilterTest.testIsOkIncludeTrue
https://github.com/Thomas-S-B/visualee,88732d9dbe5031dad9c9f85a4c4b35e5f1551f95,.,de.strullerbaumann.visualee.examiner.cdi.ExaminerResourceTest.testFindAndSetAttributesResource,de.strullerbaumann.visualee.filter.entity.SourcecodeFilterTest.testIsOkIncludeTrue
https://github.com/Thomas-S-B/visualee,88732d9dbe5031dad9c9f85a4c4b35e5f1551f95,.,de.strullerbaumann.visualee.examiner.cdi.ExaminerResourceTest.testFindAndSetAttributesResourceInstance,de.strullerbaumann.visualee.filter.entity.SourcecodeFilterTest.testIsOkIncludeTrue
https://github.com/Thomas-S-B/visualee,88732d9dbe5031dad9c9f85a4c4b35e5f1551f95,.,de.strullerbaumann.visualee.examiner.cdi.ExaminerResourceTest.testFindAndSetAttributesResourceMappedName,de.strullerbaumann.visualee.filter.entity.SourcecodeFilterTest.testIsOkIncludeTrue
https://github.com/Thomas-S-B/visualee,88732d9dbe5031dad9c9f85a4c4b35e5f1551f95,.,de.strullerbaumann.visualee.examiner.JavaSourceInspectorTest.testFindAndSetAttributesIgnoreCommentBlocks,de.strullerbaumann.visualee.filter.entity.SourcecodeFilterTest.testIsOkIncludeTrue
https://github.com/Thomas-S-B/visualee,88732d9dbe5031dad9c9f85a4c4b35e5f1551f95,.,de.strullerbaumann.visualee.examiner.JavaSourceInspectorTest.testFindAndSetAttributesIgnoreComments,de.strullerbaumann.visualee.filter.entity.SourcecodeFilterTest.testIsOkIncludeTrue
https://github.com/Thomas-S-B/visualee,88732d9dbe5031dad9c9f85a4c4b35e5f1551f95,.,de.strullerbaumann.visualee.examiner.JavaSourceInspectorTest.testSetGroupNrs,de.strullerbaumann.visualee.filter.entity.SourcecodeFilterTest.testIsOkIncludeTrue
https://github.com/Thomas-S-B/visualee,88732d9dbe5031dad9c9f85a4c4b35e5f1551f95,.,de.strullerbaumann.visualee.examiner.jpa.JPAExaminerTest.testFindAndSetAttributesIgnoreCommentBlocks,de.strullerbaumann.visualee.filter.entity.SourcecodeFilterTest.testIsOkIncludeTrue
https://github.com/Thomas-S-B/visualee,88732d9dbe5031dad9c9f85a4c4b35e5f1551f95,.,de.strullerbaumann.visualee.examiner.jpa.JPAExaminerTest.testFindAndSetAttributesIgnoreComments,de.strullerbaumann.visualee.filter.entity.SourcecodeFilterTest.testIsOkIncludeTrue
https://github.com/Thomas-S-B/visualee,88732d9dbe5031dad9c9f85a4c4b35e5f1551f95,.,de.strullerbaumann.visualee.examiner.jpa.JPAExaminerTest.testFindAndSetAttributesManyToMany,de.strullerbaumann.visualee.filter.entity.SourcecodeFilterTest.testIsOkIncludeTrue
https://github.com/Thomas-S-B/visualee,88732d9dbe5031dad9c9f85a4c4b35e5f1551f95,.,de.strullerbaumann.visualee.examiner.jpa.JPAExaminerTest.testFindAndSetAttributesManyToOne,de.strullerbaumann.visualee.filter.entity.SourcecodeFilterTest.testIsOkIncludeTrue
https://github.com/Thomas-S-B/visualee,88732d9dbe5031dad9c9f85a4c4b35e5f1551f95,.,de.strullerbaumann.visualee.source.boundary.JavaSourceContainerTest.testAddJavaSourceDoublette,de.strullerbaumann.visualee.filter.entity.SourcecodeFilterTest.testIsOkIncludeTrue
https://github.com/Thomas-S-B/visualee,88732d9dbe5031dad9c9f85a4c4b35e5f1551f95,.,de.strullerbaumann.visualee.source.boundary.JavaSourceContainerTest.testGetJavaSourceByName,de.strullerbaumann.visualee.filter.entity.SourcecodeFilterTest.testIsOkIncludeTrue
https://github.com/Thomas-S-B/visualee,88732d9dbe5031dad9c9f85a4c4b35e5f1551f95,.,de.strullerbaumann.visualee.ui.graph.boundary.GraphCreatorTest.testBuildJSONLinks,de.strullerbaumann.visualee.filter.entity.SourcecodeFilterTest.testIsOkIncludeTrue
https://github.com/Thomas-S-B/visualee,88732d9dbe5031dad9c9f85a4c4b35e5f1551f95,.,de.strullerbaumann.visualee.ui.graph.boundary.GraphCreatorTest.testBuildJSONNode,de.strullerbaumann.visualee.filter.entity.SourcecodeFilterTest.testIsOkIncludeTrue
https://github.com/Thomas-S-B/visualee,88732d9dbe5031dad9c9f85a4c4b35e5f1551f95,.,de.strullerbaumann.visualee.ui.graph.boundary.GraphCreatorTest.testBuildJSONNodes,de.strullerbaumann.visualee.filter.entity.SourcecodeFilterTest.testIsOkIncludeTrue
https://github.com/Thomas-S-B/visualee,88732d9dbe5031dad9c9f85a4c4b35e5f1551f95,.,de.strullerbaumann.visualee.ui.graph.control.DescriptionTest.testGenerateDescription,de.strullerbaumann.visualee.filter.entity.SourcecodeFilterTest.testIsOkIncludeTrue
https://github.com/Thomas-S-B/visualee,88732d9dbe5031dad9c9f85a4c4b35e5f1551f95,.,de.strullerbaumann.visualee.ui.graph.control.DescriptionTest.testGenerateDescription2,de.strullerbaumann.visualee.filter.entity.SourcecodeFilterTest.testIsOkIncludeTrue
https://github.com/wildfly/wildfly,b19048b72669fc0e96665b1b125dc1fda21f5993,naming,org.jboss.as.naming.InitialContextFactoryTestCase.testInitialFactory,org.jboss.as.naming.WritableServiceBasedNamingStoreTestCase.testPermissions
https://github.com/wildfly/wildfly,b19048b72669fc0e96665b1b125dc1fda21f5993,naming,org.jboss.as.naming.InitialContextFactoryTestCase.testJavaContext,org.jboss.as.naming.WritableServiceBasedNamingStoreTestCase.testPermissions
https://github.com/wildfly/wildfly,b19048b72669fc0e96665b1b125dc1fda21f5993,naming,org.jboss.as.naming.InitialContextTestCase.testRegisterURLSchemeHandler,org.jboss.as.naming.WritableServiceBasedNamingStoreTestCase.testPermissions
https://github.com/wildfly/wildfly,b19048b72669fc0e96665b1b125dc1fda21f5993,naming,org.jboss.as.naming.NamingContextTestCase.testBind,org.jboss.as.naming.WritableServiceBasedNamingStoreTestCase.testPermissions
https://github.com/wildfly/wildfly,b19048b72669fc0e96665b1b125dc1fda21f5993,naming,org.jboss.as.naming.NamingContextTestCase.testBindReferenceable,org.jboss.as.naming.WritableServiceBasedNamingStoreTestCase.testPermissions
https://github.com/wildfly/wildfly,b19048b72669fc0e96665b1b125dc1fda21f5993,naming,org.jboss.as.naming.NamingContextTestCase.testList,org.jboss.as.naming.WritableServiceBasedNamingStoreTestCase.testPermissions
https://github.com/wildfly/wildfly,b19048b72669fc0e96665b1b125dc1fda21f5993,naming,org.jboss.as.naming.NamingContextTestCase.testListBindings,org.jboss.as.naming.WritableServiceBasedNamingStoreTestCase.testPermissions
https://github.com/wildfly/wildfly,b19048b72669fc0e96665b1b125dc1fda21f5993,naming,org.jboss.as.naming.NamingContextTestCase.testListBindingsNameNotFound,org.jboss.as.naming.WritableServiceBasedNamingStoreTestCase.testPermissions
https://github.com/wildfly/wildfly,b19048b72669fc0e96665b1b125dc1fda21f5993,naming,org.jboss.as.naming.NamingContextTestCase.testListBindingsWithContinuation,org.jboss.as.naming.WritableServiceBasedNamingStoreTestCase.testPermissions
https://github.com/wildfly/wildfly,b19048b72669fc0e96665b1b125dc1fda21f5993,naming,org.jboss.as.naming.NamingContextTestCase.testListNameNotFound,org.jboss.as.naming.WritableServiceBasedNamingStoreTestCase.testPermissions
https://github.com/wildfly/wildfly,b19048b72669fc0e96665b1b125dc1fda21f5993,naming,org.jboss.as.naming.NamingContextTestCase.testListWithContinuation,org.jboss.as.naming.WritableServiceBasedNamingStoreTestCase.testPermissions
https://github.com/wildfly/wildfly,b19048b72669fc0e96665b1b125dc1fda21f5993,naming,org.jboss.as.naming.NamingContextTestCase.testLookup,org.jboss.as.naming.WritableServiceBasedNamingStoreTestCase.testPermissions
https://github.com/wildfly/wildfly,b19048b72669fc0e96665b1b125dc1fda21f5993,naming,org.jboss.as.naming.NamingContextTestCase.testLookupContextLink,org.jboss.as.naming.WritableServiceBasedNamingStoreTestCase.testPermissions
https://github.com/wildfly/wildfly,b19048b72669fc0e96665b1b125dc1fda21f5993,naming,org.jboss.as.naming.NamingContextTestCase.testLookupEmptyName,org.jboss.as.naming.WritableServiceBasedNamingStoreTestCase.testPermissions
https://github.com/wildfly/wildfly,b19048b72669fc0e96665b1b125dc1fda21f5993,naming,org.jboss.as.naming.NamingContextTestCase.testLookupLink,org.jboss.as.naming.WritableServiceBasedNamingStoreTestCase.testPermissions
https://github.com/wildfly/wildfly,b19048b72669fc0e96665b1b125dc1fda21f5993,naming,org.jboss.as.naming.NamingContextTestCase.testLookupNameNotFound,org.jboss.as.naming.WritableServiceBasedNamingStoreTestCase.testPermissions
https://github.com/wildfly/wildfly,b19048b72669fc0e96665b1b125dc1fda21f5993,naming,org.jboss.as.naming.NamingContextTestCase.testLookupReference,org.jboss.as.naming.WritableServiceBasedNamingStoreTestCase.testPermissions
https://github.com/wildfly/wildfly,b19048b72669fc0e96665b1b125dc1fda21f5993,naming,org.jboss.as.naming.NamingContextTestCase.testLookupWithContinuation,org.jboss.as.naming.WritableServiceBasedNamingStoreTestCase.testPermissions
https://github.com/wildfly/wildfly,b19048b72669fc0e96665b1b125dc1fda21f5993,naming,org.jboss.as.naming.NamingContextTestCase.testLookupWitResolveResult,org.jboss.as.naming.WritableServiceBasedNamingStoreTestCase.testPermissions
https://github.com/wildfly/wildfly,b19048b72669fc0e96665b1b125dc1fda21f5993,naming,org.jboss.as.naming.NamingContextTestCase.testRebind,org.jboss.as.naming.WritableServiceBasedNamingStoreTestCase.testPermissions
https://github.com/wildfly/wildfly,b19048b72669fc0e96665b1b125dc1fda21f5993,naming,org.jboss.as.naming.NamingContextTestCase.testRebindReferenceable,org.jboss.as.naming.WritableServiceBasedNamingStoreTestCase.testPermissions
https://github.com/wildfly/wildfly,b19048b72669fc0e96665b1b125dc1fda21f5993,naming,org.jboss.as.naming.NamingContextTestCase.testUnbind,org.jboss.as.naming.WritableServiceBasedNamingStoreTestCase.testPermissions
https://github.com/wildfly/wildfly,b19048b72669fc0e96665b1b125dc1fda21f5993,naming,org.jboss.as.naming.NamingEventCoordinatorTestCase.testFireAllEvent,org.jboss.as.naming.WritableServiceBasedNamingStoreTestCase.testPermissions
https://github.com/wildfly/wildfly,b19048b72669fc0e96665b1b125dc1fda21f5993,naming,org.jboss.as.naming.NamingEventCoordinatorTestCase.testFireMultiLevelEvent,org.jboss.as.naming.WritableServiceBasedNamingStoreTestCase.testPermissions
https://github.com/wildfly/wildfly,b19048b72669fc0e96665b1b125dc1fda21f5993,naming,org.jboss.as.naming.NamingEventCoordinatorTestCase.testFireObjectEvent,org.jboss.as.naming.WritableServiceBasedNamingStoreTestCase.testPermissions
https://github.com/wildfly/wildfly,b19048b72669fc0e96665b1b125dc1fda21f5993,naming,org.jboss.as.naming.NamingEventCoordinatorTestCase.testFireOneLevelEvent,org.jboss.as.naming.WritableServiceBasedNamingStoreTestCase.testPermissions
https://github.com/wildfly/wildfly,b19048b72669fc0e96665b1b125dc1fda21f5993,naming,org.jboss.as.naming.NamingEventCoordinatorTestCase.testFireSubTreeEvent,org.jboss.as.naming.WritableServiceBasedNamingStoreTestCase.testPermissions
https://github.com/wildfly/wildfly,b19048b72669fc0e96665b1b125dc1fda21f5993,naming,org.jboss.as.naming.ObjectFactoryTestCase.testBindAndRetrieveObjectFactoryFromInitialContext,org.jboss.as.naming.WritableServiceBasedNamingStoreTestCase.testPermissions
https://github.com/wildfly/wildfly,b19048b72669fc0e96665b1b125dc1fda21f5993,naming,org.jboss.as.naming.ObjectFactoryTestCase.testBindAndRetrieveObjectFactoryFromNamingContext,org.jboss.as.naming.WritableServiceBasedNamingStoreTestCase.testPermissions
https://github.com/wildfly/wildfly,b19048b72669fc0e96665b1b125dc1fda21f5993,naming,org.jboss.as.naming.ServiceBasedNamingStoreTestCase.testListBindings,org.jboss.as.naming.WritableServiceBasedNamingStoreTestCase.testPermissions
https://github.com/wildfly/wildfly,b19048b72669fc0e96665b1b125dc1fda21f5993,naming,org.jboss.as.naming.ServiceBasedNamingStoreTestCase.testLookupBindingUsingNestedContext,org.jboss.as.naming.WritableServiceBasedNamingStoreTestCase.testPermissions
https://github.com/wildfly/wildfly,b19048b72669fc0e96665b1b125dc1fda21f5993,naming,org.jboss.as.naming.ServiceBasedNamingStoreTestCase.testStoredContext,org.jboss.as.naming.WritableServiceBasedNamingStoreTestCase.testPermissions
https://github.com/wildfly/wildfly,b19048b72669fc0e96665b1b125dc1fda21f5993,naming,org.jboss.as.naming.subsystem.NamingSubsystemTestCase.testCompositeBindingOps,org.jboss.as.naming.WritableServiceBasedNamingStoreTestCase.testPermissions
https://github.com/wildfly/wildfly,b19048b72669fc0e96665b1b125dc1fda21f5993,naming,org.jboss.as.naming.subsystem.NamingSubsystemTestCase.testOnlyExternalContextAllowsCache,org.jboss.as.naming.WritableServiceBasedNamingStoreTestCase.testPermissions
https://github.com/winder/Universal-G-Code-Sender,4426f71c900ddd4a1eeb3957f3275cedc6312534,ugs-core,com.willwinder.universalgcodesender.GrblControllerTest.rawResponseHandlerOnErrorWithNoSentCommandsShouldSendMessageToConsole,com.willwinder.universalgcodesender.i18n.LocalizationTest.loadLocalizationThatDoesExistShouldLoad
https://github.com/winder/Universal-G-Code-Sender,4426f71c900ddd4a1eeb3957f3275cedc6312534,ugs-core,com.willwinder.universalgcodesender.GrblControllerTest.rawResponseHandlerWithKnownErrorShouldWriteMessageToConsole,com.willwinder.universalgcodesender.i18n.LocalizationTest.loadLocalizationThatDoesExistShouldLoad
https://github.com/winder/Universal-G-Code-Sender,4426f71c900ddd4a1eeb3957f3275cedc6312534,ugs-core,com.willwinder.universalgcodesender.GrblControllerTest.rawResponseHandlerWithUnknownErrorShouldWriteGenericMessageToConsole,com.willwinder.universalgcodesender.i18n.LocalizationTest.loadLocalizationThatDoesExistShouldLoad
https://github.com/winder/Universal-G-Code-Sender,4426f71c900ddd4a1eeb3957f3275cedc6312534,ugs-core,com.willwinder.universalgcodesender.GrblControllerTest.testGetGrblVersion,com.willwinder.universalgcodesender.i18n.LocalizationTest.loadLocalizationThatDoesExistShouldLoad
https://github.com/winder/Universal-G-Code-Sender,4426f71c900ddd4a1eeb3957f3275cedc6312534,ugs-core,com.willwinder.universalgcodesender.GrblControllerTest.testIsReadyToStreamFile,com.willwinder.universalgcodesender.i18n.LocalizationTest.loadLocalizationThatDoesExistShouldLoad
https://github.com/yangfuhai/jboot,4bffb4dff4ce5190917491a1b68f79efbfe99650,.,io.jboot.test.cache.caffeine.CaffeineTester.testDue,io.jboot.test.cache.j2cache.J2CacheTester.testGet
https://github.com/yangfuhai/jboot,4bffb4dff4ce5190917491a1b68f79efbfe99650,.,io.jboot.test.cache.caffeine.CaffeineTester.testGet,io.jboot.test.cache.j2cache.J2CacheTester.testGet
https://github.com/yangfuhai/jboot,4bffb4dff4ce5190917491a1b68f79efbfe99650,.,io.jboot.test.cache.caffeine.CaffeineTester.testPut,io.jboot.test.cache.j2cache.J2CacheTester.testGet
https://github.com/yangfuhai/jboot,4bffb4dff4ce5190917491a1b68f79efbfe99650,.,io.jboot.test.cache.caffeine.CaffeineTester.testTtl,io.jboot.test.cache.j2cache.J2CacheTester.testGet
https://github.com/yangfuhai/jboot,4bffb4dff4ce5190917491a1b68f79efbfe99650,.,io.jboot.test.cache.ehcache.EhCacheTester.testGet,io.jboot.test.cache.j2cache.J2CacheTester.testGet
https://github.com/yangfuhai/jboot,4bffb4dff4ce5190917491a1b68f79efbfe99650,.,io.jboot.test.cache.ehcache.EhCacheTester.testPut,io.jboot.test.cache.j2cache.J2CacheTester.testGet
https://github.com/apache/dubbo,737f7a7ea67832d7f17517326fb2491d0a086dd7,dubbo-config/dubbo-config-spring,org.apache.dubbo.config.spring.extension.SpringExtensionFactoryTest.testGetExtensionByTypeMultiple,org.apache.dubbo.config.spring.beans.factory.annotation.ReferenceAnnotationBeanPostProcessorTest.testGetReferenceBeans
https://github.com/apache/dubbo,737f7a7ea67832d7f17517326fb2491d0a086dd7,dubbo-config/dubbo-config-api,org.apache.dubbo.config.validation.ValidationTest.testValidation,org.apache.dubbo.config.AbstractInterfaceConfigTest.testLoadRegistries
https://github.com/apache/dubbo,737f7a7ea67832d7f17517326fb2491d0a086dd7,dubbo-cluster,org.apache.dubbo.rpc.cluster.support.ForkingClusterInvokerTest.testClearRpcContext,org.apache.dubbo.rpc.cluster.router.tag.TagRouterTest.testRoute_matchDefault
https://github.com/apache/dubbo,737f7a7ea67832d7f17517326fb2491d0a086dd7,dubbo-rpc/dubbo-rpc-dubbo,org.apache.dubbo.rpc.protocol.dubbo.telnet.PortTelnetHandlerTest.testListAllPort,org.apache.dubbo.rpc.protocol.dubbo.DubboInvokerAvilableTest.test_Normal_ChannelReadOnly
https://github.com/apache/dubbo,737f7a7ea67832d7f17517326fb2491d0a086dd7,dubbo-rpc/dubbo-rpc-dubbo,org.apache.dubbo.rpc.protocol.dubbo.telnet.PortTelnetHandlerTest.testListDetail,org.apache.dubbo.rpc.protocol.dubbo.DubboInvokerAvilableTest.test_Normal_ChannelReadOnly
https://github.com/google/java-monitoring-client-library,3212364c3e535530c3d96e127c42d302e2c0064b,metrics,com.google.monitoring.metrics.MetricRegistryImplTest.testRegisterAndUnregister_tracksRegistrations,com.google.monitoring.metrics.MetricReporterTest.testShutDown_enqueuesBatchAndPoisonPill
https://github.com/jnr/jnr-posix,dbda72ce198a8dd766c30c591d63d726d2a28a7c,.,jnr.posix.NlLanginfoTest.testNlLanginfo,jnr.posix.EnvTest.testSetenvOverwrite
https://github.com/jnr/jnr-posix,dbda72ce198a8dd766c30c591d63d726d2a28a7c,.,jnr.posix.SpawnTest.inputPipe,jnr.posix.EnvTest.testSetenvOverwrite
https://github.com/jnr/jnr-posix,dbda72ce198a8dd766c30c591d63d726d2a28a7c,.,jnr.posix.SpawnTest.outputPipe,jnr.posix.EnvTest.testSetenvOverwrite
https://github.com/ktuukkan/marine-api,af0003847db9ba822f67d4f1dceb8de3fe63250a,.,net.sf.marineapi.ais.event.AbstractAISMessageListenerTest.testOnMessageWithExpectedMessage,net.sf.marineapi.nmea.parser.SentenceFactoryTest.testRegisterParserWithAlternativeBeginChar
https://github.com/ktuukkan/marine-api,af0003847db9ba822f67d4f1dceb8de3fe63250a,.,net.sf.marineapi.ais.event.AbstractAISMessageListenerTest.testSequenceListenerWithIncorrectOrder,net.sf.marineapi.nmea.parser.SentenceFactoryTest.testRegisterParserWithAlternativeBeginChar
https://github.com/spring-projects/spring-ws,e8d89c9eb0929dda304174729c9c69fb29f448eb,spring-ws-security,org.springframework.ws.soap.security.xwss.callback.SpringDigestPasswordValidationCallbackHandlerTest.testAuthenticateUserDigestUserNotFound,org.springframework.ws.soap.security.wss4j2.callback.SpringSecurityPasswordValidationCallbackHandlerTest.testHandleUsernameTokenPrincipal
https://github.com/spring-projects/spring-ws,e8d89c9eb0929dda304174729c9c69fb29f448eb,spring-ws-security,org.springframework.ws.soap.security.xwss.callback.SpringDigestPasswordValidationCallbackHandlerTest.testAuthenticateUserDigestValidInvalid,org.springframework.ws.soap.security.wss4j2.callback.SpringSecurityPasswordValidationCallbackHandlerTest.testHandleUsernameTokenPrincipal
https://github.com/Thomas-S-B/visualee,88732d9dbe5031dad9c9f85a4c4b35e5f1551f95,.,de.strullerbaumann.visualee.examiner.cdi.ExaminerObservesTest.testFindAndSetAttributesObserves,de.strullerbaumann.visualee.filter.entity.SourcecodeFilterTest.testIsOkIncludeTrue
https://github.com/alibaba/Sentinel,5523fd0d427ba0f66c3e110c2de6347edadcd125,sentinel-core,com.alibaba.csp.sentinel.TracerTest.setExceptionsToTrace,com.alibaba.csp.sentinel.TracerTest.setExceptionPredicate
https://github.com/vmware/admiral,e4b02936cc7d4ff2714e7231db0c4373ba5d48a2,request,com.vmware.admiral.request.kubernetes.RequestBrokerKubernetesServiceTest.testRequestStateHasK8sInfo,com.vmware.admiral.request.kubernetes.RequestBrokerKubernetesServiceTest.testRequestLifeCycleOnSpecificGroupPlacement
https://github.com/Activiti/Activiti,b11f757a48600e53aaf3fcb7a3ba1ece6c463cb4,activiti-spring-boot-starter,org.activiti.spring.boot.tasks.TaskRuntimeCompleteTaskTest.aCreateStandaloneTaskAndComplete,org.activiti.spring.boot.tasks.TaskRuntimeTaskForOtherTest.aCreateStandaloneTaskWithNoCandidates
https://github.com/Activiti/Activiti,b11f757a48600e53aaf3fcb7a3ba1ece6c463cb4,activiti-spring-boot-starter,org.activiti.spring.boot.tasks.TaskRuntimeCompleteTaskTest.bCreateStandaloneTask,org.activiti.spring.boot.tasks.TaskRuntimeTaskForOtherTest.aCreateStandaloneTaskWithNoCandidates
https://github.com/Activiti/Activiti,b11f757a48600e53aaf3fcb7a3ba1ece6c463cb4,activiti-spring-boot-starter,org.activiti.spring.boot.tasks.TaskRuntimeDeleteTaskTest.cCreateStandaloneGroupTaskClaimAndDeleteFail,org.activiti.spring.boot.tasks.TaskRuntimeUnAuthorizedTest.aCreateStandaloneTaskForGroup
https://github.com/Activiti/Activiti,b11f757a48600e53aaf3fcb7a3ba1ece6c463cb4,activiti-spring-boot-starter,org.activiti.spring.boot.tasks.TaskRuntimeTaskAssigneeTest.cCreateStandaloneTaskForGroupAndClaim,org.activiti.spring.boot.tasks.TaskRuntimeDeleteTaskTest.cCreateStandaloneGroupTaskClaimAndDeleteFail
https://github.com/Activiti/Activiti,b11f757a48600e53aaf3fcb7a3ba1ece6c463cb4,activiti-spring-boot-starter,org.activiti.spring.boot.tasks.TaskRuntimeTaskForOtherTest.aCreateStandaloneTaskWithNoCandidates,org.activiti.spring.boot.tasks.TaskRuntimeUnAuthorizedTest.aCreateStandaloneTaskForGroup
https://github.com/Activiti/Activiti,b11f757a48600e53aaf3fcb7a3ba1ece6c463cb4,activiti-spring-boot-starter,org.activiti.spring.boot.tasks.TaskRuntimeTaskForOtherTest.bCheckThatTaskIsNotVisibleForNonCandidateUsers,org.activiti.spring.boot.tasks.TaskRuntimeDeleteTaskTest.cCreateStandaloneGroupTaskClaimAndDeleteFail
https://github.com/Activiti/Activiti,b11f757a48600e53aaf3fcb7a3ba1ece6c463cb4,activiti-spring-boot-starter,org.activiti.spring.boot.tasks.TaskRuntimeUnAuthorizedTest.aCreateStandaloneTaskForGroup,org.activiti.spring.boot.tasks.TaskRuntimeTaskAssigneeTest.aCreateStandaloneTaskForAnotherAssignee
https://github.com/apache/hadoop,cc2babc1f75c93bf89a8f10da525f944c15d02ea,hadoop-yarn-project/hadoop-yarn/hadoop-yarn-server/hadoop-yarn-server-timelineservice,org.apache.hadoop.yarn.server.timelineservice.reader.TestTimelineReaderWebServices.testAbout,org.apache.hadoop.yarn.server.timelineservice.reader.TestTimelineReaderMetrics.testTimelineReaderMetrics
https://github.com/apache/hadoop,cc2babc1f75c93bf89a8f10da525f944c15d02ea,hadoop-yarn-project/hadoop-yarn/hadoop-yarn-server/hadoop-yarn-server-timelineservice,org.apache.hadoop.yarn.server.timelineservice.reader.TestTimelineReaderWebServices.testGetAppAttempt,org.apache.hadoop.yarn.server.timelineservice.reader.TestTimelineReaderMetrics.testTimelineReaderMetrics
https://github.com/apache/hadoop,cc2babc1f75c93bf89a8f10da525f944c15d02ea,hadoop-yarn-project/hadoop-yarn/hadoop-yarn-server/hadoop-yarn-server-timelineservice,org.apache.hadoop.yarn.server.timelineservice.reader.TestTimelineReaderWebServices.testGetAppAttempts,org.apache.hadoop.yarn.server.timelineservice.reader.TestTimelineReaderMetrics.testTimelineReaderMetrics
https://github.com/apache/hadoop,cc2babc1f75c93bf89a8f10da525f944c15d02ea,hadoop-yarn-project/hadoop-yarn/hadoop-yarn-server/hadoop-yarn-server-timelineservice,org.apache.hadoop.yarn.server.timelineservice.reader.TestTimelineReaderWebServices.testGetContainer,org.apache.hadoop.yarn.server.timelineservice.reader.TestTimelineReaderMetrics.testTimelineReaderMetrics
https://github.com/apache/hadoop,cc2babc1f75c93bf89a8f10da525f944c15d02ea,hadoop-yarn-project/hadoop-yarn/hadoop-yarn-server/hadoop-yarn-server-timelineservice,org.apache.hadoop.yarn.server.timelineservice.reader.TestTimelineReaderWebServices.testGetContainers,org.apache.hadoop.yarn.server.timelineservice.reader.TestTimelineReaderMetrics.testTimelineReaderMetrics
https://github.com/apache/hadoop,cc2babc1f75c93bf89a8f10da525f944c15d02ea,hadoop-yarn-project/hadoop-yarn/hadoop-yarn-server/hadoop-yarn-server-timelineservice,org.apache.hadoop.yarn.server.timelineservice.reader.TestTimelineReaderWebServices.testGetEntities,org.apache.hadoop.yarn.server.timelineservice.reader.TestTimelineReaderMetrics.testTimelineReaderMetrics
https://github.com/apache/hadoop,cc2babc1f75c93bf89a8f10da525f944c15d02ea,hadoop-yarn-project/hadoop-yarn/hadoop-yarn-server/hadoop-yarn-server-timelineservice,org.apache.hadoop.yarn.server.timelineservice.reader.TestTimelineReaderWebServices.testGetEntitiesBasedOnCreatedTime,org.apache.hadoop.yarn.server.timelineservice.reader.TestTimelineReaderMetrics.testTimelineReaderMetrics
https://github.com/apache/hadoop,cc2babc1f75c93bf89a8f10da525f944c15d02ea,hadoop-yarn-project/hadoop-yarn/hadoop-yarn-server/hadoop-yarn-server-timelineservice,org.apache.hadoop.yarn.server.timelineservice.reader.TestTimelineReaderWebServices.testGetEntitiesByConfigFilters,org.apache.hadoop.yarn.server.timelineservice.reader.TestTimelineReaderMetrics.testTimelineReaderMetrics
https://github.com/apache/hadoop,cc2babc1f75c93bf89a8f10da525f944c15d02ea,hadoop-yarn-project/hadoop-yarn/hadoop-yarn-server/hadoop-yarn-server-timelineservice,org.apache.hadoop.yarn.server.timelineservice.reader.TestTimelineReaderWebServices.testGetEntitiesByEventFilters,org.apache.hadoop.yarn.server.timelineservice.reader.TestTimelineReaderMetrics.testTimelineReaderMetrics
https://github.com/apache/hadoop,cc2babc1f75c93bf89a8f10da525f944c15d02ea,hadoop-yarn-project/hadoop-yarn/hadoop-yarn-server/hadoop-yarn-server-timelineservice,org.apache.hadoop.yarn.server.timelineservice.reader.TestTimelineReaderWebServices.testGetEntitiesByInfoFilters,org.apache.hadoop.yarn.server.timelineservice.reader.TestTimelineReaderMetrics.testTimelineReaderMetrics
https://github.com/apache/hadoop,cc2babc1f75c93bf89a8f10da525f944c15d02ea,hadoop-yarn-project/hadoop-yarn/hadoop-yarn-server/hadoop-yarn-server-timelineservice,org.apache.hadoop.yarn.server.timelineservice.reader.TestTimelineReaderWebServices.testGetEntitiesByMetricFilters,org.apache.hadoop.yarn.server.timelineservice.reader.TestTimelineReaderMetrics.testTimelineReaderMetrics
https://github.com/apache/hadoop,cc2babc1f75c93bf89a8f10da525f944c15d02ea,hadoop-yarn-project/hadoop-yarn/hadoop-yarn-server/hadoop-yarn-server-timelineservice,org.apache.hadoop.yarn.server.timelineservice.reader.TestTimelineReaderWebServices.testGetEntitiesByRelations,org.apache.hadoop.yarn.server.timelineservice.reader.TestTimelineReaderMetrics.testTimelineReaderMetrics
https://github.com/apache/hadoop,cc2babc1f75c93bf89a8f10da525f944c15d02ea,hadoop-yarn-project/hadoop-yarn/hadoop-yarn-server/hadoop-yarn-server-timelineservice,org.apache.hadoop.yarn.server.timelineservice.reader.TestTimelineReaderWebServices.testGetEntitiesNoMatch,org.apache.hadoop.yarn.server.timelineservice.reader.TestTimelineReaderMetrics.testTimelineReaderMetrics
https://github.com/apache/hadoop,cc2babc1f75c93bf89a8f10da525f944c15d02ea,hadoop-yarn-project/hadoop-yarn/hadoop-yarn-server/hadoop-yarn-server-timelineservice,org.apache.hadoop.yarn.server.timelineservice.reader.TestTimelineReaderWebServices.testGetEntitiesWithLimit,org.apache.hadoop.yarn.server.timelineservice.reader.TestTimelineReaderMetrics.testTimelineReaderMetrics
https://github.com/apache/hadoop,cc2babc1f75c93bf89a8f10da525f944c15d02ea,hadoop-yarn-project/hadoop-yarn/hadoop-yarn-server/hadoop-yarn-server-timelineservice,org.apache.hadoop.yarn.server.timelineservice.reader.TestTimelineReaderWebServices.testGetEntityAllFields,org.apache.hadoop.yarn.server.timelineservice.reader.TestTimelineReaderMetrics.testTimelineReaderMetrics
https://github.com/apache/hadoop,cc2babc1f75c93bf89a8f10da525f944c15d02ea,hadoop-yarn-project/hadoop-yarn/hadoop-yarn-server/hadoop-yarn-server-timelineservice,org.apache.hadoop.yarn.server.timelineservice.reader.TestTimelineReaderWebServices.testGetEntityNotPresent,org.apache.hadoop.yarn.server.timelineservice.reader.TestTimelineReaderMetrics.testTimelineReaderMetrics
https://github.com/apache/hadoop,cc2babc1f75c93bf89a8f10da525f944c15d02ea,hadoop-yarn-project/hadoop-yarn/hadoop-yarn-server/hadoop-yarn-server-timelineservice,org.apache.hadoop.yarn.server.timelineservice.reader.TestTimelineReaderWebServices.testGetEntityWithUserAndFlowInfo,org.apache.hadoop.yarn.server.timelineservice.reader.TestTimelineReaderMetrics.testTimelineReaderMetrics
https://github.com/apache/hadoop,cc2babc1f75c93bf89a8f10da525f944c15d02ea,hadoop-yarn-project/hadoop-yarn/hadoop-yarn-server/hadoop-yarn-server-timelineservice,org.apache.hadoop.yarn.server.timelineservice.reader.TestTimelineReaderWebServices.testInvalidValuesHandling,org.apache.hadoop.yarn.server.timelineservice.reader.TestTimelineReaderMetrics.testTimelineReaderMetrics
https://github.com/alibaba/Sentinel,5523fd0d427ba0f66c3e110c2de6347edadcd125,sentinel-core,com.alibaba.csp.sentinel.TracerTest.setExceptionsToIgnore,com.alibaba.csp.sentinel.TracerTest.setExceptionPredicate
https://github.com/Activiti/Activiti,b11f757a48600e53aaf3fcb7a3ba1ece6c463cb4,activiti-spring-boot-starter,org.activiti.spring.boot.tasks.TaskRuntimeStandaloneTaskTest.aCreateStandaloneTaskForSalaboy,org.activiti.spring.boot.tasks.TaskRuntimeTaskAssigneeTest.aCreateStandaloneTaskForAnotherAssignee
https://github.com/Activiti/Activiti,b11f757a48600e53aaf3fcb7a3ba1ece6c463cb4,activiti-spring-boot-starter,org.activiti.spring.boot.tasks.TaskRuntimeStandaloneTaskTest.bCreateStandaloneTaskForGroup,org.activiti.spring.boot.tasks.TaskRuntimeTaskAssigneeTest.cCreateStandaloneTaskForGroupAndClaim
https://github.com/alibaba/fastjson,e05e9c5e4be580691cc55a59f3256595393203a1,.,com.alibaba.json.bvt.serializer.MaxBufSizeTest.test_max_buf,com.alibaba.json.bvt.serializer.SerializeWriterTest_14.test_writer_2
https://github.com/apache/incubator-dubbo,737f7a7ea67832d7f17517326fb2491d0a086dd7,dubbo-config/dubbo-config-api,org.apache.dubbo.config.cache.CacheTest.testCache,org.apache.dubbo.config.AbstractInterfaceConfigTest.testLoadRegistries
https://github.com/apache/geronimo-batchee,0071edabb6b340cc16f8e9d0e17ff25720b4d0fe,tools/cli,org.apache.batchee.cli.MainTest.executions,org.apache.batchee.cli.MainTest.restart
https://github.com/apache/hadoop,cc2babc1f75c93bf89a8f10da525f944c15d02ea,hadoop-hdfs-project/hadoop-hdfs-nfs,org.apache.hadoop.hdfs.nfs.nfs3.TestRpcProgramNfs3.testAccess,org.apache.hadoop.hdfs.nfs.nfs3.TestDFSClientCache.testGetUserGroupInformationSecure
https://github.com/apache/hadoop,cc2babc1f75c93bf89a8f10da525f944c15d02ea,hadoop-hdfs-project/hadoop-hdfs-nfs,org.apache.hadoop.hdfs.nfs.nfs3.TestRpcProgramNfs3.testCommit,org.apache.hadoop.hdfs.nfs.nfs3.TestDFSClientCache.testGetUserGroupInformationSecure
https://github.com/apache/hadoop,cc2babc1f75c93bf89a8f10da525f944c15d02ea,hadoop-hdfs-project/hadoop-hdfs-nfs,org.apache.hadoop.hdfs.nfs.nfs3.TestRpcProgramNfs3.testCreate,org.apache.hadoop.hdfs.nfs.nfs3.TestDFSClientCache.testGetUserGroupInformationSecure
https://github.com/apache/hadoop,cc2babc1f75c93bf89a8f10da525f944c15d02ea,hadoop-hdfs-project/hadoop-hdfs-nfs,org.apache.hadoop.hdfs.nfs.nfs3.TestRpcProgramNfs3.testFsinfo,org.apache.hadoop.hdfs.nfs.nfs3.TestDFSClientCache.testGetUserGroupInformationSecure
https://github.com/apache/hadoop,cc2babc1f75c93bf89a8f10da525f944c15d02ea,hadoop-hdfs-project/hadoop-hdfs-nfs,org.apache.hadoop.hdfs.nfs.nfs3.TestRpcProgramNfs3.testFsstat,org.apache.hadoop.hdfs.nfs.nfs3.TestDFSClientCache.testGetUserGroupInformationSecure
https://github.com/apache/hadoop,cc2babc1f75c93bf89a8f10da525f944c15d02ea,hadoop-hdfs-project/hadoop-hdfs-nfs,org.apache.hadoop.hdfs.nfs.nfs3.TestRpcProgramNfs3.testGetattr,org.apache.hadoop.hdfs.nfs.nfs3.TestDFSClientCache.testGetUserGroupInformationSecure
https://github.com/apache/hadoop,cc2babc1f75c93bf89a8f10da525f944c15d02ea,hadoop-hdfs-project/hadoop-hdfs-nfs,org.apache.hadoop.hdfs.nfs.nfs3.TestRpcProgramNfs3.testLookup,org.apache.hadoop.hdfs.nfs.nfs3.TestDFSClientCache.testGetUserGroupInformationSecure
https://github.com/apache/hadoop,cc2babc1f75c93bf89a8f10da525f944c15d02ea,hadoop-hdfs-project/hadoop-hdfs-nfs,org.apache.hadoop.hdfs.nfs.nfs3.TestRpcProgramNfs3.testMkdir,org.apache.hadoop.hdfs.nfs.nfs3.TestDFSClientCache.testGetUserGroupInformationSecure
https://github.com/apache/hadoop,cc2babc1f75c93bf89a8f10da525f944c15d02ea,hadoop-hdfs-project/hadoop-hdfs-nfs,org.apache.hadoop.hdfs.nfs.nfs3.TestRpcProgramNfs3.testPathconf,org.apache.hadoop.hdfs.nfs.nfs3.TestDFSClientCache.testGetUserGroupInformationSecure
https://github.com/apache/hadoop,cc2babc1f75c93bf89a8f10da525f944c15d02ea,hadoop-hdfs-project/hadoop-hdfs-nfs,org.apache.hadoop.hdfs.nfs.nfs3.TestRpcProgramNfs3.testRead,org.apache.hadoop.hdfs.nfs.nfs3.TestDFSClientCache.testGetUserGroupInformationSecure
https://github.com/apache/hadoop,cc2babc1f75c93bf89a8f10da525f944c15d02ea,hadoop-hdfs-project/hadoop-hdfs-nfs,org.apache.hadoop.hdfs.nfs.nfs3.TestRpcProgramNfs3.testReaddir,org.apache.hadoop.hdfs.nfs.nfs3.TestDFSClientCache.testGetUserGroupInformationSecure
https://github.com/apache/hadoop,cc2babc1f75c93bf89a8f10da525f944c15d02ea,hadoop-hdfs-project/hadoop-hdfs-nfs,org.apache.hadoop.hdfs.nfs.nfs3.TestRpcProgramNfs3.testReaddirplus,org.apache.hadoop.hdfs.nfs.nfs3.TestDFSClientCache.testGetUserGroupInformationSecure
https://github.com/apache/hadoop,cc2babc1f75c93bf89a8f10da525f944c15d02ea,hadoop-hdfs-project/hadoop-hdfs-nfs,org.apache.hadoop.hdfs.nfs.nfs3.TestRpcProgramNfs3.testReadlink,org.apache.hadoop.hdfs.nfs.nfs3.TestDFSClientCache.testGetUserGroupInformationSecure
https://github.com/apache/hadoop,cc2babc1f75c93bf89a8f10da525f944c15d02ea,hadoop-hdfs-project/hadoop-hdfs-nfs,org.apache.hadoop.hdfs.nfs.nfs3.TestRpcProgramNfs3.testRemove,org.apache.hadoop.hdfs.nfs.nfs3.TestDFSClientCache.testGetUserGroupInformationSecure
https://github.com/apache/hadoop,cc2babc1f75c93bf89a8f10da525f944c15d02ea,hadoop-hdfs-project/hadoop-hdfs-nfs,org.apache.hadoop.hdfs.nfs.nfs3.TestRpcProgramNfs3.testRename,org.apache.hadoop.hdfs.nfs.nfs3.TestDFSClientCache.testGetUserGroupInformationSecure
https://github.com/apache/hadoop,cc2babc1f75c93bf89a8f10da525f944c15d02ea,hadoop-hdfs-project/hadoop-hdfs-nfs,org.apache.hadoop.hdfs.nfs.nfs3.TestRpcProgramNfs3.testRmdir,org.apache.hadoop.hdfs.nfs.nfs3.TestDFSClientCache.testGetUserGroupInformationSecure
https://github.com/apache/hadoop,cc2babc1f75c93bf89a8f10da525f944c15d02ea,hadoop-hdfs-project/hadoop-hdfs-nfs,org.apache.hadoop.hdfs.nfs.nfs3.TestRpcProgramNfs3.testSetattr,org.apache.hadoop.hdfs.nfs.nfs3.TestDFSClientCache.testGetUserGroupInformationSecure
https://github.com/apache/hadoop,cc2babc1f75c93bf89a8f10da525f944c15d02ea,hadoop-hdfs-project/hadoop-hdfs-nfs,org.apache.hadoop.hdfs.nfs.nfs3.TestRpcProgramNfs3.testSymlink,org.apache.hadoop.hdfs.nfs.nfs3.TestDFSClientCache.testGetUserGroupInformationSecure
https://github.com/apache/hadoop,cc2babc1f75c93bf89a8f10da525f944c15d02ea,hadoop-hdfs-project/hadoop-hdfs-nfs,org.apache.hadoop.hdfs.nfs.nfs3.TestRpcProgramNfs3.testWrite,org.apache.hadoop.hdfs.nfs.nfs3.TestDFSClientCache.testGetUserGroupInformationSecure
https://github.com/apache/hadoop,cc2babc1f75c93bf89a8f10da525f944c15d02ea,hadoop-hdfs-project/hadoop-hdfs-nfs,org.apache.hadoop.hdfs.nfs.nfs3.TestViewfsWithNfs3.testNfsAccessNN1,org.apache.hadoop.hdfs.nfs.nfs3.TestDFSClientCache.testGetUserGroupInformationSecure
https://github.com/apache/hadoop,cc2babc1f75c93bf89a8f10da525f944c15d02ea,hadoop-hdfs-project/hadoop-hdfs-nfs,org.apache.hadoop.hdfs.nfs.nfs3.TestViewfsWithNfs3.testNfsAccessNN2,org.apache.hadoop.hdfs.nfs.nfs3.TestDFSClientCache.testGetUserGroupInformationSecure
https://github.com/apache/hadoop,cc2babc1f75c93bf89a8f10da525f944c15d02ea,hadoop-hdfs-project/hadoop-hdfs-nfs,org.apache.hadoop.hdfs.nfs.nfs3.TestViewfsWithNfs3.testNfsWriteNN1,org.apache.hadoop.hdfs.nfs.nfs3.TestDFSClientCache.testGetUserGroupInformationSecure
https://github.com/apache/hadoop,cc2babc1f75c93bf89a8f10da525f944c15d02ea,hadoop-hdfs-project/hadoop-hdfs-nfs,org.apache.hadoop.hdfs.nfs.nfs3.TestViewfsWithNfs3.testNfsWriteNN2,org.apache.hadoop.hdfs.nfs.nfs3.TestDFSClientCache.testGetUserGroupInformationSecure
https://github.com/apache/hadoop,cc2babc1f75c93bf89a8f10da525f944c15d02ea,hadoop-hdfs-project/hadoop-hdfs-nfs,org.apache.hadoop.hdfs.nfs.nfs3.TestViewfsWithNfs3.testWrongNfsAccess,org.apache.hadoop.hdfs.nfs.nfs3.TestDFSClientCache.testGetUserGroupInformationSecure
https://github.com/apache/hadoop,cc2babc1f75c93bf89a8f10da525f944c15d02ea,hadoop-hdfs-project/hadoop-hdfs-nfs,org.apache.hadoop.hdfs.nfs.nfs3.TestWrites.testOOOWrites,org.apache.hadoop.hdfs.nfs.nfs3.TestDFSClientCache.testGetUserGroupInformationSecure
https://github.com/apache/hadoop,cc2babc1f75c93bf89a8f10da525f944c15d02ea,hadoop-hdfs-project/hadoop-hdfs-nfs,org.apache.hadoop.hdfs.nfs.nfs3.TestWrites.testOverlappingWrites,org.apache.hadoop.hdfs.nfs.nfs3.TestDFSClientCache.testGetUserGroupInformationSecure
https://github.com/apache/hadoop,cc2babc1f75c93bf89a8f10da525f944c15d02ea,hadoop-hdfs-project/hadoop-hdfs-nfs,org.apache.hadoop.hdfs.nfs.nfs3.TestWrites.testWriteStableHow,org.apache.hadoop.hdfs.nfs.nfs3.TestDFSClientCache.testGetUserGroupInformationSecure
https://github.com/apache/hadoop,cc2babc1f75c93bf89a8f10da525f944c15d02ea,hadoop-hdfs-project/hadoop-hdfs-httpfs,org.apache.hadoop.lib.servlet.TestServerWebApp.getHomeDir,org.apache.hadoop.fs.http.server.TestHttpFSServer.testGlobFilter
https://github.com/apache/hadoop,cc2babc1f75c93bf89a8f10da525f944c15d02ea,hadoop-mapreduce-project/hadoop-mapreduce-client/hadoop-mapreduce-client-core,org.apache.hadoop.mapred.TestTaskProgressReporter.testTaskProgress,org.apache.hadoop.mapred.TestTaskProgressReporter.testScratchDirSize
https://github.com/apache/hadoop,cc2babc1f75c93bf89a8f10da525f944c15d02ea,hadoop-mapreduce-project/hadoop-mapreduce-client/hadoop-mapreduce-client-app,org.apache.hadoop.mapreduce.v2.app.TestMRAppMaster.testMRAppMasterShutDownJob,org.apache.hadoop.mapreduce.v2.app.TestMRAppMaster.testMRAppMasterMissingStaging
https://github.com/apache/hadoop,cc2babc1f75c93bf89a8f10da525f944c15d02ea,hadoop-yarn-project/hadoop-yarn/hadoop-yarn-registry,org.apache.hadoop.registry.client.binding.TestRegistryOperationUtils.testUsernameExtractionEnvVarOverrride,org.apache.hadoop.registry.secure.TestSecureRegistry.testCreateSecureZK
https://github.com/apache/hadoop,cc2babc1f75c93bf89a8f10da525f944c15d02ea,hadoop-common-project/hadoop-auth,org.apache.hadoop.security.authentication.util.TestKerberosName.testRules,org.apache.hadoop.security.authentication.util.TestKerberosUtil.testGetServerPrincipal
https://github.com/apache/hadoop,cc2babc1f75c93bf89a8f10da525f944c15d02ea,hadoop-yarn-project/hadoop-yarn/hadoop-yarn-server/hadoop-yarn-server-timelineservice,org.apache.hadoop.yarn.server.timelineservice.reader.TestTimelineReaderWebServices.testGetEntityCustomFields,org.apache.hadoop.yarn.server.timelineservice.reader.TestTimelineReaderMetrics.testTimelineReaderMetrics
https://github.com/apache/hadoop,cc2babc1f75c93bf89a8f10da525f944c15d02ea,hadoop-yarn-project/hadoop-yarn/hadoop-yarn-server/hadoop-yarn-server-timelineservice-hbase-tests,org.apache.hadoop.yarn.server.timelineservice.storage.flow.TestHBaseStorageFlowRunCompaction.testWriteScanBatchLimit,org.apache.hadoop.yarn.server.timelineservice.storage.flow.TestHBaseStorageFlowRunCompaction.testWriteNonNumericData
https://github.com/apache/hadoop,cc2babc1f75c93bf89a8f10da525f944c15d02ea,hadoop-yarn-project/hadoop-yarn/hadoop-yarn-server/hadoop-yarn-server-timelineservice-hbase-tests,org.apache.hadoop.yarn.server.timelineservice.storage.TestHBaseTimelineStorageEntities.testWriteEntityToHBase,org.apache.hadoop.yarn.server.timelineservice.storage.TestHBaseTimelineStorageEntities.testReadEntitiesMetricFilters
https://github.com/apache/incubator-dubbo,737f7a7ea67832d7f17517326fb2491d0a086dd7,dubbo-registry/dubbo-registry-default,org.apache.dubbo.registry.dubbo.RegistryProtocolTest.testDestoryRegistry,org.apache.dubbo.registry.dubbo.RegistryProtocolTest.testExportUrlNull
https://github.com/apache/incubator-dubbo,737f7a7ea67832d7f17517326fb2491d0a086dd7,dubbo-registry/dubbo-registry-default,org.apache.dubbo.registry.dubbo.RegistryProtocolTest.testNotifyOverride,org.apache.dubbo.registry.dubbo.RegistryProtocolTest.testExport
https://github.com/apache/incubator-dubbo,737f7a7ea67832d7f17517326fb2491d0a086dd7,dubbo-registry/dubbo-registry-default,org.apache.dubbo.registry.dubbo.RegistryProtocolTest.testNotifyOverride_notmatch,org.apache.dubbo.registry.dubbo.RegistryProtocolTest.testExport
https://github.com/apache/incubator-dubbo,737f7a7ea67832d7f17517326fb2491d0a086dd7,dubbo-rpc/dubbo-rpc-api,org.apache.dubbo.rpc.proxy.javassist.JavassistProxyFactoryTest.testGetInvoker,org.apache.dubbo.rpc.RpcContextTest.testAsync
https://github.com/apache/incubator-dubbo,737f7a7ea67832d7f17517326fb2491d0a086dd7,dubbo-rpc/dubbo-rpc-api,org.apache.dubbo.rpc.proxy.jdk.JdkProxyFactoryTest.testGetInvoker,org.apache.dubbo.rpc.RpcContextTest.testAsync
https://github.com/CloudSlang/cloud-slang,48923570780dd096e0cf17ef657b6b1fdc50dc31,cloudslang-entities,io.cloudslang.fortest.SensitiveValueTest.testEncryptedStringSensitiveValue,io.cloudslang.lang.entities.encryption.EncryptorConfigTest.testEncryptionWithoutEncryptorImplementation
https://github.com/CloudSlang/cloud-slang,48923570780dd096e0cf17ef657b6b1fdc50dc31,cloudslang-entities,io.cloudslang.fortest.SensitiveValueTest.testEncryptedStringSensitiveValuePreEncrypted,io.cloudslang.lang.entities.encryption.EncryptorConfigTest.testEncryptionWithoutEncryptorImplementation
https://github.com/CloudSlang/cloud-slang,48923570780dd096e0cf17ef657b6b1fdc50dc31,cloudslang-entities,io.cloudslang.fortest.SensitiveValueTest.testSensitiveValueEncryptDecrypt,io.cloudslang.lang.entities.encryption.EncryptorConfigTest.testEncryptionWithoutEncryptorImplementation
https://github.com/ConsenSys/tessera,ecdd1a2ce6412c11a8ae722d7a4527a4a66da688,tessera-partyinfo,com.quorum.tessera.discovery.DiscoveryFactoryTest.defaultConstructor,com.quorum.tessera.discovery.DiscoveryTest.getInstance
https://github.com/ConsenSys/tessera,ecdd1a2ce6412c11a8ae722d7a4527a4a66da688,tessera-partyinfo,com.quorum.tessera.discovery.DiscoveryFactoryTest.provideAutoDiscovery,com.quorum.tessera.discovery.DiscoveryTest.getInstance
https://github.com/ConsenSys/tessera,ecdd1a2ce6412c11a8ae722d7a4527a4a66da688,tessera-partyinfo,com.quorum.tessera.discovery.DiscoveryFactoryTest.provideDisabledAutoDiscovery,com.quorum.tessera.discovery.DiscoveryTest.getInstance
https://github.com/ConsenSys/tessera,ecdd1a2ce6412c11a8ae722d7a4527a4a66da688,eclipselink-utils,com.quorum.tessera.eclipselink.AtomicLongSequenceTest.customisedWithDbLogin,com.quorum.tessera.eclipselink.AtomicLongSequenceTest.getGeneratedVectorIsNotSupported
https://github.com/ConsenSys/tessera,ecdd1a2ce6412c11a8ae722d7a4527a4a66da688,eclipselink-utils,com.quorum.tessera.eclipselink.AtomicLongSequenceTest.customisedWithNullDbLogin,com.quorum.tessera.eclipselink.AtomicLongSequenceTest.getGeneratedVectorIsNotSupported
https://github.com/ConsenSys/tessera,ecdd1a2ce6412c11a8ae722d7a4527a4a66da688,eclipselink-utils,com.quorum.tessera.eclipselink.AtomicLongSequenceTest.onDisconnectDoesNothing,com.quorum.tessera.eclipselink.AtomicLongSequenceTest.getGeneratedVectorIsNotSupported
https://github.com/ctco/cukes,b483e1a8f261b80a66291a42fc455256b0b5059c,cukes-http,lv.ctco.cukes.http.facade.HttpAssertionFacadeImplTest.shouldReturnBodyWhenEnabledAndNoMax,lv.ctco.cukes.http.facade.HttpAssertionFacadeImplTest.shouldNotReturnBodyWhenEnabledButLongerThanMaxSize
https://github.com/dropwizard/dropwizard,07dfaed697427e208d65049f80a5d1949833b7cd,dropwizard-logging,io.dropwizard.logging.DefaultLoggingFactoryPrintErrorMessagesTest.testLogbackStatusPrinterPrintStreamIsRestoredToSystemOut,io.dropwizard.logging.ThrottlingAppenderWrapperTest.belowThrottlingLimit
https://github.com/jenkinsci/remoting,abf0455a68ad6c52a57e912bb89d51f883f77542,.,hudson.remoting.ClassFilterTest.transport_chunking,hudson.remoting.DefaultClassFilterTest.testDefaultsAreUsedIfOverridesAreGarbage
https://github.com/jenkinsci/remoting,abf0455a68ad6c52a57e912bb89d51f883f77542,.,hudson.remoting.ClassFilterTest.transport_nio,hudson.remoting.DefaultClassFilterTest.testDefaultsAreUsedIfOverridesAreGarbage
https://github.com/jenkinsci/remoting,abf0455a68ad6c52a57e912bb89d51f883f77542,.,hudson.remoting.ClassFilterTest.transport_non_chunking,hudson.remoting.DefaultClassFilterTest.testDefaultsAreUsedIfOverridesAreGarbage
https://github.com/jenkinsci/remoting,abf0455a68ad6c52a57e912bb89d51f883f77542,.,hudson.remoting.ClassFilterTest.userRequest,hudson.remoting.DefaultClassFilterTest.testDefaultsAreUsedIfOverridesAreGarbage
https://github.com/jenkinsci/remoting,abf0455a68ad6c52a57e912bb89d51f883f77542,.,hudson.remoting.ClassFilterTest.userRequest_singleClassLoader,hudson.remoting.DefaultClassFilterTest.testDefaultsAreUsedIfOverridesAreGarbage
https://github.com/jenkinsci/remoting,abf0455a68ad6c52a57e912bb89d51f883f77542,.,hudson.remoting.DiagnosedStreamCorruptionExceptionTest.blockingStreamShouldNotPreventDiagnosis,hudson.remoting.DefaultClassFilterTest.testDefaultsAreUsedIfOverridesAreGarbage
https://github.com/jitsi/jicofo,2cae36e1e6781b438e52156d82cc32f8dea021b9,.,org.jitsi.jicofo.XmppTest.testAllocateConference,org.jitsi.jicofo.auth.XMPPAuthenticationAuthorityTest.testXmppDomainAuthentication
https://github.com/jnr/jnr-posix,dbda72ce198a8dd766c30c591d63d726d2a28a7c,.,jnr.posix.GroupTest.getgroups,jnr.posix.EnvTest.testSetenvOverwrite
https://github.com/networknt/light-4j,fcded1683dcbd41a968e221494778aa6b71e7428,config,com.networknt.config.ConfigEscapeTest.testSql1,com.networknt.config.ConfigInjectionTest.testGetInjectValueIssue744
https://github.com/networknt/light-4j,fcded1683dcbd41a968e221494778aa6b71e7428,config,com.networknt.config.ConfigEscapeTest.testSql2,com.networknt.config.ConfigInjectionTest.testGetInjectValueIssue744
https://github.com/networknt/light-4j,fcded1683dcbd41a968e221494778aa6b71e7428,config,com.networknt.config.ConfigEscapeTest.testValuesEscape,com.networknt.config.ConfigInjectionTest.testGetInjectValueIssue744
https://github.com/networknt/light-4j,fcded1683dcbd41a968e221494778aa6b71e7428,config,com.networknt.config.TestCentralizedManagement.testMap_allowEmptyStringOverwrite,com.networknt.config.ConfigInjectionTest.testGetInjectValueIssue744
https://github.com/networknt/light-4j,fcded1683dcbd41a968e221494778aa6b71e7428,config,com.networknt.config.TestCentralizedManagement.testMap_allowNullOverwrite,com.networknt.config.ConfigInjectionTest.testGetInjectValueIssue744
https://github.com/networknt/light-4j,fcded1683dcbd41a968e221494778aa6b71e7428,config,com.networknt.config.TestCentralizedManagement.testMap_mergeApplied_mutatesInPlaceCorrectly,com.networknt.config.ConfigInjectionTest.testGetInjectValueIssue744
https://github.com/networknt/light-4j,fcded1683dcbd41a968e221494778aa6b71e7428,consul,com.networknt.consul.ConsulRegistryTest.discoverService,com.networknt.consul.ConsulRegistryTest.subAndUnsubService
https://github.com/networknt/light-4j,fcded1683dcbd41a968e221494778aa6b71e7428,consul,com.networknt.consul.ConsulRegistryTest.doRegisterAndAvailable,com.networknt.consul.ConsulRegistryTest.discoverService
https://github.com/networknt/light-4j,fcded1683dcbd41a968e221494778aa6b71e7428,correlation,com.networknt.correlation.CorrelationHandlerTest.testGetWithoutTid,com.networknt.correlation.CorrelationHandlerTest.testGetWithoutTidNoAutogen
https://github.com/networknt/light-4j,fcded1683dcbd41a968e221494778aa6b71e7428,handler,com.networknt.handler.HandlerTest.validConfig_init_handlersCreated,com.networknt.handler.HandlerTest.invalidMethod_init_throws
https://github.com/networknt/light-4j,fcded1683dcbd41a968e221494778aa6b71e7428,portal-registry,com.networknt.portal.registry.PortalRegistryTest.discoverService,com.networknt.portal.registry.PortalRegistryTest.subAndUnsubService
https://github.com/networknt/light-4j,fcded1683dcbd41a968e221494778aa6b71e7428,portal-registry,com.networknt.portal.registry.PortalRegistryTest.doRegisterAndAvailable,com.networknt.portal.registry.PortalRegistryTest.discoverService
https://github.com/networknt/light-4j,fcded1683dcbd41a968e221494778aa6b71e7428,metrics,io.dropwizard.metrics.SharedMetricRegistriesTest.hasASetOfNames,io.dropwizard.metrics.SharedMetricRegistriesTest.errorsWhenDefaultAlreadySet
https://github.com/networknt/light-4j,fcded1683dcbd41a968e221494778aa6b71e7428,metrics,io.dropwizard.metrics.SharedMetricRegistriesTest.removesRegistries,io.dropwizard.metrics.SharedMetricRegistriesTest.errorsWhenDefaultAlreadySet
https://github.com/spring-projects/spring-boot,daa3d457b71896a758995c264977bdd1414ee4d4,spring-boot-project/spring-boot-actuator-autoconfigure,org.springframework.boot.actuate.autoconfigure.cloudfoundry.reactive.CloudFoundryWebFluxEndpointIntegrationTests.linksToOtherEndpointsWithRestrictedAccess,org.springframework.boot.actuate.autoconfigure.cloudfoundry.reactive.CloudFoundryWebFluxEndpointIntegrationTests.operationWithSecurityInterceptorSuccess
https://github.com/spring-projects/spring-boot,daa3d457b71896a758995c264977bdd1414ee4d4,spring-boot-project/spring-boot-actuator-autoconfigure,org.springframework.boot.actuate.autoconfigure.cloudfoundry.reactive.CloudFoundryWebFluxEndpointIntegrationTests.operationWithSecurityInterceptorForbidden,org.springframework.boot.actuate.autoconfigure.cloudfoundry.reactive.CloudFoundryWebFluxEndpointIntegrationTests.responseToOptionsRequestIncludesCorsHeaders
https://github.com/spring-projects/spring-boot,daa3d457b71896a758995c264977bdd1414ee4d4,spring-boot-project/spring-boot-actuator-autoconfigure,org.springframework.boot.actuate.autoconfigure.cloudfoundry.reactive.CloudFoundryWebFluxEndpointIntegrationTests.operationWithSecurityInterceptorSuccess,org.springframework.boot.actuate.autoconfigure.cloudfoundry.reactive.CloudFoundryWebFluxEndpointIntegrationTests.linksToOtherEndpointsWithFullAccess
https://github.com/spring-projects/spring-boot,daa3d457b71896a758995c264977bdd1414ee4d4,spring-boot-project/spring-boot-actuator-autoconfigure,org.springframework.boot.actuate.autoconfigure.cloudfoundry.servlet.CloudFoundryMvcWebEndpointIntegrationTests.linksToOtherEndpointsWithFullAccess,org.springframework.boot.actuate.autoconfigure.cloudfoundry.servlet.CloudFoundryMvcWebEndpointIntegrationTests.linksToOtherEndpointsForbidden
https://github.com/spring-projects/spring-boot,daa3d457b71896a758995c264977bdd1414ee4d4,spring-boot-project/spring-boot-actuator-autoconfigure,org.springframework.boot.actuate.autoconfigure.cloudfoundry.servlet.CloudFoundryMvcWebEndpointIntegrationTests.linksToOtherEndpointsWithRestrictedAccess,org.springframework.boot.actuate.autoconfigure.cloudfoundry.servlet.CloudFoundryMvcWebEndpointIntegrationTests.operationWithSecurityInterceptorSuccess
https://github.com/spring-projects/spring-boot,daa3d457b71896a758995c264977bdd1414ee4d4,spring-boot-project/spring-boot-actuator-autoconfigure,org.springframework.boot.actuate.autoconfigure.cloudfoundry.servlet.CloudFoundryMvcWebEndpointIntegrationTests.operationWithSecurityInterceptorForbidden,org.springframework.boot.actuate.autoconfigure.cloudfoundry.servlet.CloudFoundryMvcWebEndpointIntegrationTests.responseToOptionsRequestIncludesCorsHeaders
https://github.com/spring-projects/spring-boot,daa3d457b71896a758995c264977bdd1414ee4d4,spring-boot-project/spring-boot-actuator-autoconfigure,org.springframework.boot.actuate.autoconfigure.cloudfoundry.servlet.CloudFoundryMvcWebEndpointIntegrationTests.operationWithSecurityInterceptorSuccess,org.springframework.boot.actuate.autoconfigure.cloudfoundry.servlet.CloudFoundryMvcWebEndpointIntegrationTests.linksToOtherEndpointsWithFullAccess
https://github.com/wildfly/wildfly,b19048b72669fc0e96665b1b125dc1fda21f5993,naming,org.jboss.as.naming.NamingContextTestCase.testCreateSubcontext,org.jboss.as.naming.WritableServiceBasedNamingStoreTestCase.testPermissions
https://github.com/wildfly/wildfly,b19048b72669fc0e96665b1b125dc1fda21f5993,naming,org.jboss.as.naming.ServiceBasedNamingStoreTestCase.testLookupBinding,org.jboss.as.naming.WritableServiceBasedNamingStoreTestCase.testPermissions
https://github.com/wildfly/wildfly,b19048b72669fc0e96665b1b125dc1fda21f5993,naming,org.jboss.as.naming.subsystem.NamingSubsystemTestCase.testSubsystem,org.jboss.as.naming.WritableServiceBasedNamingStoreTestCase.testPermissions